#ifndef UWB_LSTM_MODEL_H
#define UWB_LSTM_MODEL_H

alignas(16) const unsigned char uwb_lstm_model[] = {
  0x1c, 0x00, 0x00, 0x00, 0x54, 0x46, 0x4c, 0x33, 0x14, 0x00, 0x20, 0x00,
  0x1c, 0x00, 0x18, 0x00, 0x14, 0x00, 0x10, 0x00, 0x0c, 0x00, 0x00, 0x00,
  0x08, 0x00, 0x04, 0x00, 0x14, 0x00, 0x00, 0x00, 0x1c, 0x00, 0x00, 0x00,
  0x8c, 0x00, 0x00, 0x00, 0xe4, 0x00, 0x00, 0x00, 0x70, 0x3f, 0x00, 0x00,
  0x80, 0x3f, 0x00, 0x00, 0x78, 0x53, 0x00, 0x00, 0x03, 0x00, 0x00, 0x00,
  0x01, 0x00, 0x00, 0x00, 0x04, 0x00, 0x00, 0x00, 0xb2, 0xbc, 0xff, 0xff,
  0x0c, 0x00, 0x00, 0x00, 0x1c, 0x00, 0x00, 0x00, 0x3c, 0x00, 0x00, 0x00,
  0x0f, 0x00, 0x00, 0x00, 0x73, 0x65, 0x72, 0x76, 0x69, 0x6e, 0x67, 0x5f,
  0x64, 0x65, 0x66, 0x61, 0x75, 0x6c, 0x74, 0x00, 0x01, 0x00, 0x00, 0x00,
  0x04, 0x00, 0x00, 0x00, 0x90, 0xff, 0xff, 0xff, 0x24, 0x00, 0x00, 0x00,
  0x04, 0x00, 0x00, 0x00, 0x08, 0x00, 0x00, 0x00, 0x6f, 0x75, 0x74, 0x70,
  0x75, 0x74, 0x5f, 0x30, 0x00, 0x00, 0x00, 0x00, 0x01, 0x00, 0x00, 0x00,
  0x04, 0x00, 0x00, 0x00, 0x7e, 0xbf, 0xff, 0xff, 0x04, 0x00, 0x00, 0x00,
  0x0e, 0x00, 0x00, 0x00, 0x6b, 0x65, 0x72, 0x61, 0x73, 0x5f, 0x74, 0x65,
  0x6e, 0x73, 0x6f, 0x72, 0x5f, 0x39, 0x00, 0x00, 0x02, 0x00, 0x00, 0x00,
  0x34, 0x00, 0x00, 0x00, 0x04, 0x00, 0x00, 0x00, 0xdc, 0xff, 0xff, 0xff,
  0x27, 0x00, 0x00, 0x00, 0x04, 0x00, 0x00, 0x00, 0x13, 0x00, 0x00, 0x00,
  0x43, 0x4f, 0x4e, 0x56, 0x45, 0x52, 0x53, 0x49, 0x4f, 0x4e, 0x5f, 0x4d,
  0x45, 0x54, 0x41, 0x44, 0x41, 0x54, 0x41, 0x00, 0x08, 0x00, 0x0c, 0x00,
  0x08, 0x00, 0x04, 0x00, 0x08, 0x00, 0x00, 0x00, 0x26, 0x00, 0x00, 0x00,
  0x04, 0x00, 0x00, 0x00, 0x13, 0x00, 0x00, 0x00, 0x6d, 0x69, 0x6e, 0x5f,
  0x72, 0x75, 0x6e, 0x74, 0x69, 0x6d, 0x65, 0x5f, 0x76, 0x65, 0x72, 0x73,
  0x69, 0x6f, 0x6e, 0x00, 0x28, 0x00, 0x00, 0x00, 0x88, 0x3e, 0x00, 0x00,
  0x80, 0x3e, 0x00, 0x00, 0x30, 0x3e, 0x00, 0x00, 0xa0, 0x3d, 0x00, 0x00,
  0x50, 0x3d, 0x00, 0x00, 0x34, 0x3d, 0x00, 0x00, 0x18, 0x3d, 0x00, 0x00,
  0xfc, 0x3c, 0x00, 0x00, 0xe0, 0x3c, 0x00, 0x00, 0xc4, 0x3c, 0x00, 0x00,
  0xb4, 0x24, 0x00, 0x00, 0x64, 0x22, 0x00, 0x00, 0x94, 0x21, 0x00, 0x00,
  0x84, 0x01, 0x00, 0x00, 0x70, 0x01, 0x00, 0x00, 0x68, 0x01, 0x00, 0x00,
  0x54, 0x01, 0x00, 0x00, 0x40, 0x01, 0x00, 0x00, 0x2c, 0x01, 0x00, 0x00,
  0x24, 0x01, 0x00, 0x00, 0x1c, 0x01, 0x00, 0x00, 0x14, 0x01, 0x00, 0x00,
  0x0c, 0x01, 0x00, 0x00, 0x04, 0x01, 0x00, 0x00, 0xfc, 0x00, 0x00, 0x00,
  0xf4, 0x00, 0x00, 0x00, 0xec, 0x00, 0x00, 0x00, 0xe4, 0x00, 0x00, 0x00,
  0xdc, 0x00, 0x00, 0x00, 0xd4, 0x00, 0x00, 0x00, 0xcc, 0x00, 0x00, 0x00,
  0xc4, 0x00, 0x00, 0x00, 0xbc, 0x00, 0x00, 0x00, 0xb4, 0x00, 0x00, 0x00,
  0xac, 0x00, 0x00, 0x00, 0xa4, 0x00, 0x00, 0x00, 0x9c, 0x00, 0x00, 0x00,
  0x94, 0x00, 0x00, 0x00, 0x74, 0x00, 0x00, 0x00, 0x04, 0x00, 0x00, 0x00,
  0x9a, 0xc0, 0xff, 0xff, 0x04, 0x00, 0x00, 0x00, 0x60, 0x00, 0x00, 0x00,
  0x10, 0x00, 0x00, 0x00, 0x00, 0x00, 0x00, 0x00, 0x08, 0x00, 0x0e, 0x00,
  0x08, 0x00, 0x04, 0x00, 0x08, 0x00, 0x00, 0x00, 0x10, 0x00, 0x00, 0x00,
  0x24, 0x00, 0x00, 0x00, 0x00, 0x00, 0x06, 0x00, 0x08, 0x00, 0x04, 0x00,
  0x06, 0x00, 0x00, 0x00, 0x04, 0x00, 0x00, 0x00, 0x00, 0x00, 0x00, 0x00,
  0x0c, 0x00, 0x18, 0x00, 0x14, 0x00, 0x10, 0x00, 0x0c, 0x00, 0x04, 0x00,
  0x0c, 0x00, 0x00, 0x00, 0x02, 0x25, 0x16, 0xd7, 0xf8, 0x6d, 0x67, 0x06,
  0x02, 0x00, 0x00, 0x00, 0x02, 0x00, 0x00, 0x00, 0x04, 0x00, 0x00, 0x00,
  0x06, 0x00, 0x00, 0x00, 0x32, 0x2e, 0x32, 0x30, 0x2e, 0x30, 0x00, 0x00,
  0x06, 0xc1, 0xff, 0xff, 0x04, 0x00, 0x00, 0x00, 0x10, 0x00, 0x00, 0x00,
  0x31, 0x2e, 0x31, 0x31, 0x2e, 0x30, 0x00, 0x00, 0x00, 0x00, 0x00, 0x00,
  0x00, 0x00, 0x00, 0x00, 0xcc, 0xae, 0xff, 0xff, 0xd0, 0xae, 0xff, 0xff,
  0xd4, 0xae, 0xff, 0xff, 0xd8, 0xae, 0xff, 0xff, 0xdc, 0xae, 0xff, 0xff,
  0xe0, 0xae, 0xff, 0xff, 0xe4, 0xae, 0xff, 0xff, 0xe8, 0xae, 0xff, 0xff,
  0xec, 0xae, 0xff, 0xff, 0xf0, 0xae, 0xff, 0xff, 0xf4, 0xae, 0xff, 0xff,
  0xf8, 0xae, 0xff, 0xff, 0xfc, 0xae, 0xff, 0xff, 0x00, 0xaf, 0xff, 0xff,
  0x04, 0xaf, 0xff, 0xff, 0x08, 0xaf, 0xff, 0xff, 0x0c, 0xaf, 0xff, 0xff,
  0x10, 0xaf, 0xff, 0xff, 0x14, 0xaf, 0xff, 0xff, 0x6e, 0xc1, 0xff, 0xff,
  0x04, 0x00, 0x00, 0x00, 0x04, 0x00, 0x00, 0x00, 0xfd, 0xff, 0xff, 0xff,
  0x7e, 0xc1, 0xff, 0xff, 0x04, 0x00, 0x00, 0x00, 0x04, 0x00, 0x00, 0x00,
  0x80, 0x00, 0x00, 0x00, 0x8e, 0xc1, 0xff, 0xff, 0x04, 0x00, 0x00, 0x00,
  0x04, 0x00, 0x00, 0x00, 0x00, 0x00, 0x00, 0x00, 0x48, 0xaf, 0xff, 0xff,
  0xa2, 0xc1, 0xff, 0xff, 0x04, 0x00, 0x00, 0x00, 0x04, 0x00, 0x00, 0x00,
  0x01, 0x00, 0x00, 0x00, 0xb2, 0xc1, 0xff, 0xff, 0x04, 0x00, 0x00, 0x00,
  0x00, 0x20, 0x00, 0x00, 0x64, 0x5d, 0x5b, 0xbe, 0x6f, 0x06, 0x02, 0xbe,
  0x97, 0xb4, 0xcb, 0x3d, 0xb0, 0x0c, 0xfd, 0x3d, 0x63, 0xc1, 0x1e, 0x3e,
  0xb5, 0x62, 0x5d, 0x3e, 0xa4, 0x5c, 0x69, 0xbe, 0xcc, 0x3f, 0x81, 0xbe,
  0xfb, 0x4e, 0x77, 0xbb, 0x1d, 0x9f, 0x8d, 0x3e, 0x52, 0xfa, 0x81, 0x3c,
  0x1a, 0x6a, 0x96, 0x3d, 0xe0, 0x98, 0x01, 0xbe, 0x56, 0x6e, 0x9b, 0xbe,
  0xbe, 0xb2, 0x97, 0xbc, 0x8d, 0x73, 0xe1, 0xbc, 0x1b, 0x58, 0x9d, 0x3d,
  0x81, 0xd9, 0x14, 0xbd, 0xb3, 0xd5, 0x9a, 0x3c, 0xd0, 0x0d, 0x4f, 0x3e,
  0xaa, 0x6f, 0x00, 0x3e, 0xc8, 0xdf, 0x45, 0xbd, 0x1f, 0x6e, 0xc4, 0xbd,
  0x53, 0xaf, 0x73, 0x3d, 0xc4, 0x54, 0x98, 0xbe, 0x35, 0x22, 0xb9, 0xbe,
  0xc0, 0xfd, 0x32, 0xbe, 0x97, 0xfc, 0xc1, 0xbc, 0xd3, 0xfd, 0xde, 0xbc,
  0xbd, 0x88, 0xe9, 0xbd, 0x39, 0x51, 0xbd, 0x3e, 0x5f, 0x95, 0x7a, 0xbc,
  0x28, 0x5c, 0xb2, 0x3d, 0x12, 0x61, 0xab, 0xbd, 0xd1, 0x99, 0x2d, 0xbc,
  0x43, 0xd3, 0x1f, 0x3e, 0x32, 0x7d, 0x57, 0xbd, 0x58, 0x6b, 0x0f, 0x3e,
  0x3a, 0xc2, 0x09, 0x3e, 0x42, 0x41, 0x68, 0xbe, 0xa9, 0x50, 0x1e, 0xbe,
  0x94, 0x36, 0x23, 0xbe, 0x18, 0xec, 0x66, 0x3d, 0x80, 0x20, 0x6e, 0x3d,
  0x38, 0x23, 0x32, 0x3c, 0x8a, 0xfc, 0x5c, 0xbe, 0xfa, 0x54, 0x17, 0x3e,
  0x8f, 0x7d, 0xa3, 0xbd, 0x39, 0x4b, 0x30, 0xbe, 0x85, 0xb1, 0x69, 0xbe,
  0xed, 0x0c, 0x61, 0x3d, 0xf7, 0xc6, 0x1d, 0xbe, 0x4e, 0xf7, 0x20, 0xbd,
  0x7d, 0xa9, 0x5d, 0xbe, 0x3c, 0x3e, 0x47, 0xbc, 0xfd, 0xb5, 0x7c, 0x3e,
  0x27, 0xc6, 0xaf, 0xbe, 0xef, 0x50, 0x44, 0xbe, 0xb3, 0xe1, 0x28, 0xbe,
  0xf3, 0x69, 0x6a, 0xbd, 0x01, 0xd3, 0x89, 0x3d, 0xc8, 0xfe, 0x43, 0xbe,
  0x4b, 0xbf, 0x85, 0x3e, 0x27, 0xcb, 0xe8, 0xbc, 0x61, 0x65, 0x8c, 0x3e,
  0x49, 0x44, 0xed, 0x3d, 0x5f, 0x2d, 0xc9, 0xbd, 0xad, 0x1d, 0xdd, 0x3d,
  0x1d, 0x99, 0xca, 0x3c, 0x59, 0x96, 0x08, 0xbe, 0x7e, 0xbc, 0x89, 0xbe,
  0xa2, 0xd2, 0x5a, 0xbd, 0x21, 0x88, 0x71, 0x3e, 0x47, 0x33, 0x36, 0x3d,
  0xcf, 0xee, 0x10, 0x3c, 0x3c, 0x7d, 0x14, 0xbe, 0x0d, 0x71, 0xd0, 0xbd,
  0x42, 0xf1, 0xc4, 0xbd, 0x36, 0xce, 0x18, 0xbe, 0xec, 0x07, 0x28, 0x3e,
  0xce, 0x07, 0x88, 0xbb, 0x8c, 0xc0, 0x18, 0xbe, 0x33, 0xb6, 0x26, 0x3e,
  0xe0, 0x02, 0x79, 0xbd, 0xef, 0x86, 0x17, 0xbd, 0x0f, 0x34, 0x17, 0x3d,
  0x2b, 0x85, 0xf3, 0xbd, 0x0c, 0x3f, 0xeb, 0xbd, 0xd4, 0xa3, 0xc3, 0xbe,
  0x3f, 0x1d, 0xa5, 0xbe, 0x01, 0x57, 0x53, 0x3d, 0x76, 0x88, 0x86, 0x3d,
  0xc3, 0xb4, 0x00, 0x3d, 0xd1, 0xb8, 0x2d, 0xbc, 0x74, 0x02, 0xb6, 0x3d,
  0x6b, 0x19, 0x3d, 0x3b, 0x4c, 0x99, 0x67, 0x3d, 0xa6, 0x27, 0xcb, 0xbd,
  0xee, 0xb5, 0x92, 0x3e, 0x39, 0xb3, 0x9d, 0x3e, 0xcd, 0x6a, 0x8c, 0xbd,
  0xe8, 0xc7, 0xc9, 0xbd, 0x88, 0x2f, 0xca, 0xbd, 0x17, 0x74, 0xa0, 0xbc,
  0x9a, 0x98, 0x27, 0x3e, 0xcc, 0x00, 0x1c, 0xbe, 0xb9, 0x73, 0x5f, 0xbd,
  0x46, 0xc5, 0x02, 0x3e, 0x4f, 0xe9, 0x57, 0x3e, 0x7a, 0xe5, 0x32, 0x3d,
  0xf7, 0x5b, 0x06, 0xbe, 0x7a, 0x80, 0xc7, 0x3e, 0x90, 0x89, 0x03, 0xbd,
  0x98, 0x43, 0x75, 0xbd, 0x88, 0x14, 0x03, 0x3f, 0xa5, 0xaf, 0xe0, 0xbd,
  0x57, 0xbd, 0x2d, 0xbe, 0x96, 0xd4, 0x4e, 0x3c, 0xbb, 0x6e, 0x3f, 0x3c,
  0xb3, 0xbf, 0xa9, 0xbd, 0x75, 0xcf, 0x69, 0x3b, 0xdc, 0x50, 0x55, 0xbe,
  0xdf, 0x31, 0xae, 0x3c, 0x00, 0x05, 0x4d, 0x3c, 0x5e, 0x14, 0x01, 0x3e,
  0xd8, 0xf0, 0x8a, 0x3d, 0x16, 0xc6, 0x04, 0xbd, 0x1b, 0x77, 0x0b, 0x3e,
  0xa4, 0xdf, 0xbc, 0xbe, 0x2a, 0xdb, 0xfb, 0xbd, 0xe1, 0x47, 0xd6, 0x3c,
  0x1f, 0x2c, 0x6b, 0x3d, 0xdd, 0xc8, 0xa0, 0x3d, 0xd5, 0xe1, 0x71, 0x3e,
  0x4e, 0x69, 0xfc, 0xbd, 0x26, 0xe1, 0x1b, 0xbe, 0xe3, 0xb4, 0xfd, 0x3d,
  0x31, 0xb7, 0x9b, 0x3d, 0x31, 0x3d, 0x25, 0xbd, 0x72, 0x5e, 0x89, 0x3d,
  0x44, 0x83, 0x8a, 0x3e, 0x17, 0x11, 0x9d, 0xbd, 0x2a, 0xcc, 0xe9, 0x3c,
  0xf5, 0x7e, 0x37, 0x3d, 0x10, 0x02, 0x41, 0x3d, 0x6e, 0x84, 0xa5, 0x3e,
  0x0a, 0x7f, 0x5f, 0x3e, 0x78, 0x8f, 0xa2, 0x3e, 0xee, 0xd8, 0x83, 0xbd,
  0x7d, 0x9c, 0xe2, 0x3d, 0xbc, 0x10, 0xb9, 0xbc, 0xdb, 0x3d, 0x92, 0x3d,
  0xfa, 0x96, 0x27, 0x3e, 0x5a, 0x8e, 0x52, 0x3e, 0x1e, 0xd1, 0x47, 0xbe,
  0xb5, 0x91, 0x97, 0x3b, 0xe9, 0x5b, 0xe7, 0xbc, 0xc3, 0x4a, 0xf2, 0x3d,
  0x7f, 0x46, 0xd9, 0x3d, 0x64, 0x5f, 0xc3, 0x3d, 0x2d, 0x70, 0xaf, 0xbe,
  0x43, 0xad, 0x89, 0xbd, 0xe9, 0x65, 0x29, 0x3d, 0xbd, 0x3c, 0x98, 0xbe,
  0x19, 0x47, 0x14, 0xbd, 0x57, 0x55, 0x32, 0x3e, 0xd7, 0x46, 0xad, 0xbe,
  0x32, 0xb3, 0x98, 0xbe, 0x1f, 0xd4, 0x7b, 0x3b, 0xdb, 0xe2, 0x24, 0xbd,
  0xa6, 0x0c, 0xc0, 0x3d, 0xa9, 0x58, 0x26, 0x3e, 0x63, 0x9e, 0x94, 0xbd,
  0x6e, 0x2f, 0x87, 0x3e, 0x04, 0xc9, 0x42, 0xbe, 0xdd, 0x58, 0x16, 0x3e,
  0xc1, 0x9c, 0xdf, 0xbc, 0x52, 0xd2, 0xc1, 0x3e, 0x36, 0xd8, 0x18, 0xbd,
  0x2e, 0x69, 0xc1, 0x3c, 0x61, 0xb1, 0x18, 0x3e, 0x80, 0xba, 0x16, 0x3e,
  0x5d, 0x3c, 0xe7, 0x3d, 0x2f, 0xae, 0x07, 0x3d, 0xa5, 0xaa, 0x36, 0x3d,
  0xbb, 0x1e, 0x26, 0x3c, 0x0e, 0x3b, 0x02, 0xbc, 0x65, 0x08, 0x1d, 0x3e,
  0x5c, 0x45, 0xb8, 0xbd, 0x0a, 0x45, 0x4b, 0xbe, 0x1a, 0xd6, 0x2f, 0xbe,
  0xd3, 0x2f, 0x9e, 0xbe, 0x65, 0xa5, 0xfa, 0xbe, 0xb3, 0x3f, 0x24, 0x3e,
  0x40, 0x0e, 0x4b, 0xbd, 0x6c, 0xd1, 0xc4, 0xbd, 0x68, 0x0d, 0x53, 0xbd,
  0x2f, 0xb0, 0x28, 0x3d, 0xef, 0x6a, 0xaf, 0xbe, 0x2c, 0xc9, 0x23, 0xbe,
  0xdb, 0xb0, 0x83, 0xbd, 0x3e, 0x24, 0x8a, 0x3e, 0xe3, 0x74, 0x10, 0xbe,
  0x78, 0xfb, 0x72, 0xbd, 0x73, 0xc4, 0x82, 0xbd, 0xfe, 0x9f, 0x73, 0x3e,
  0x0a, 0xea, 0x81, 0xbe, 0x4c, 0x56, 0xd3, 0x3d, 0xfe, 0x9b, 0x10, 0x3e,
  0x24, 0x5e, 0xef, 0x3e, 0xfa, 0x47, 0xb7, 0xbe, 0x6d, 0xd3, 0xf6, 0x3d,
  0x67, 0x14, 0xb6, 0x3d, 0x3f, 0xc8, 0x52, 0x3c, 0x8b, 0x90, 0x24, 0xbe,
  0x2b, 0x27, 0x4b, 0xbe, 0x24, 0xbe, 0x59, 0xbd, 0x1d, 0xeb, 0x5e, 0xbe,
  0x69, 0x93, 0x08, 0xbc, 0x31, 0xd8, 0x37, 0x3e, 0xda, 0x96, 0x5d, 0xbd,
  0x42, 0x17, 0x9e, 0xbd, 0x6c, 0x49, 0x1f, 0xbd, 0x1c, 0xc3, 0x8b, 0xbe,
  0x41, 0xa1, 0xf6, 0xbd, 0x19, 0x05, 0x17, 0x3d, 0x56, 0xfa, 0x92, 0xbd,
  0x90, 0xf3, 0x0d, 0xbe, 0x24, 0x75, 0x17, 0xbe, 0xe9, 0x53, 0xe0, 0x3d,
  0x8e, 0xf8, 0x93, 0xbe, 0x58, 0xa2, 0x02, 0xbf, 0x6f, 0x0f, 0xf4, 0xbd,
  0xfd, 0x2c, 0x05, 0x3c, 0x02, 0x30, 0x7c, 0x3d, 0x81, 0x32, 0x73, 0x3d,
  0x7e, 0x3e, 0x61, 0x3e, 0x2b, 0x94, 0x83, 0x3e, 0x71, 0x66, 0x53, 0xbe,
  0xbc, 0x0a, 0xe1, 0xbd, 0x04, 0xad, 0x23, 0x3e, 0x30, 0x20, 0xc1, 0x3e,
  0xab, 0x19, 0x99, 0xbe, 0x66, 0x29, 0x28, 0x3e, 0xa2, 0x49, 0x60, 0x3e,
  0x2b, 0x37, 0x25, 0x3e, 0xdf, 0x10, 0xb6, 0xbd, 0x25, 0xc5, 0x33, 0xbd,
  0x58, 0x78, 0x76, 0x3e, 0xf8, 0x0b, 0x1c, 0xbf, 0x92, 0x80, 0x09, 0x3d,
  0x73, 0x90, 0x89, 0x3e, 0x3b, 0xd6, 0x79, 0x3d, 0x4b, 0x3c, 0x7f, 0x3c,
  0xdb, 0x52, 0xbd, 0x3d, 0xf6, 0x52, 0x15, 0xbe, 0x35, 0x4f, 0x2a, 0x3e,
  0x30, 0xb7, 0xd3, 0xbd, 0xcd, 0x61, 0xd0, 0x3d, 0x60, 0x2b, 0x3e, 0x3e,
  0x80, 0xd2, 0x00, 0xbd, 0x14, 0x54, 0x6e, 0xbe, 0xb9, 0x0f, 0x3b, 0xbc,
  0x2e, 0x38, 0x60, 0xbc, 0x4b, 0xaf, 0x08, 0xbe, 0x8a, 0x78, 0x4b, 0x3e,
  0x0c, 0x53, 0x12, 0xbd, 0x11, 0x8e, 0x05, 0xbe, 0x3e, 0xa4, 0xf6, 0x3d,
  0x96, 0xe6, 0x67, 0xbe, 0x61, 0xe5, 0xf4, 0xbd, 0xb1, 0x56, 0xcb, 0xbd,
  0x0a, 0x6f, 0x69, 0x3e, 0x4e, 0x86, 0x5e, 0xbd, 0xff, 0x35, 0xf2, 0xbd,
  0x31, 0x37, 0x0c, 0xbe, 0xdc, 0x59, 0xc8, 0xbb, 0x0d, 0x59, 0x6c, 0x3d,
  0xba, 0x73, 0x41, 0xbe, 0xac, 0x8b, 0x26, 0x3d, 0xa2, 0xf1, 0xa0, 0xbe,
  0x0e, 0x03, 0x29, 0xbf, 0x4c, 0x9a, 0xcb, 0xbd, 0x5c, 0x8f, 0xc4, 0xbd,
  0xb1, 0xbd, 0x2b, 0x3e, 0x68, 0xf4, 0x6e, 0xbd, 0x37, 0x59, 0x2d, 0x3e,
  0x09, 0xa7, 0x61, 0x3d, 0x62, 0x77, 0x21, 0xbe, 0x34, 0x41, 0x4a, 0xbd,
  0x7a, 0x53, 0x0a, 0x3c, 0x49, 0x0c, 0x59, 0x3e, 0x88, 0x63, 0xa2, 0x3d,
  0xac, 0xa0, 0x4a, 0x3e, 0x9b, 0x72, 0x49, 0xbd, 0x2e, 0xc9, 0x1e, 0x3a,
  0xd4, 0xc9, 0x93, 0x3e, 0xcb, 0xf9, 0xa2, 0xbd, 0x68, 0x3b, 0x2e, 0xbe,
  0x0f, 0x07, 0xdf, 0xbd, 0x47, 0x1c, 0x4a, 0x3b, 0x63, 0xf5, 0x22, 0xbc,
  0x27, 0x2d, 0x0b, 0x3e, 0x26, 0x19, 0xfd, 0x3d, 0x4a, 0x68, 0x3c, 0x3e,
  0xe0, 0xc7, 0x4d, 0x3e, 0x99, 0xd2, 0x81, 0x3e, 0x2a, 0x21, 0x9c, 0x3d,
  0x58, 0x0e, 0xf7, 0xbd, 0x7d, 0xfc, 0x35, 0xbe, 0x06, 0xc2, 0x2f, 0x3b,
  0xcb, 0x93, 0xf7, 0xbd, 0xc2, 0xa1, 0x9e, 0xbe, 0xa7, 0x20, 0x59, 0xbe,
  0x5a, 0x84, 0xa9, 0x3c, 0x2f, 0xea, 0xaf, 0xbd, 0xef, 0x59, 0xc6, 0xbd,
  0xb1, 0x86, 0x13, 0x3e, 0x4b, 0x91, 0xeb, 0x3d, 0xcd, 0xd3, 0x72, 0x3d,
  0x0a, 0xaa, 0x77, 0xbd, 0xa5, 0x0b, 0x06, 0x3e, 0xb4, 0x0f, 0x1b, 0xbe,
  0xe1, 0x6e, 0x22, 0xbc, 0xc9, 0x3e, 0x9c, 0x3d, 0x9a, 0x3d, 0xac, 0x3e,
  0xd2, 0xfa, 0x99, 0xbe, 0xf5, 0x2f, 0x92, 0x3c, 0xf0, 0x62, 0xc8, 0xbc,
  0x29, 0x9e, 0x85, 0x3e, 0xbc, 0x59, 0x98, 0xbd, 0xe8, 0xcf, 0x2a, 0xbe,
  0x4d, 0x91, 0x19, 0xbe, 0x6d, 0x7b, 0x3a, 0xbe, 0x2f, 0xf2, 0x21, 0x3e,
  0xed, 0x2b, 0x3a, 0x3e, 0x2d, 0x9a, 0xf7, 0x3d, 0xfb, 0x0d, 0x7f, 0x3d,
  0x2d, 0xa4, 0xf4, 0x3d, 0xf9, 0x5c, 0x85, 0x3d, 0xa9, 0x2c, 0x8d, 0x3b,
  0x07, 0xaf, 0xe1, 0x3d, 0xb5, 0xdf, 0x17, 0xbe, 0xd6, 0xba, 0x05, 0x3e,
  0x71, 0xa3, 0x75, 0xbd, 0x76, 0xc0, 0x14, 0xbe, 0x3d, 0xf7, 0x0f, 0xbd,
  0xe7, 0x8d, 0x25, 0x3d, 0x3f, 0x81, 0xbe, 0x3d, 0x63, 0x19, 0x18, 0x3e,
  0x77, 0x03, 0x17, 0xbe, 0x3a, 0xeb, 0x43, 0xbe, 0x01, 0x14, 0x1e, 0xbe,
  0x8e, 0x17, 0xdf, 0x3d, 0xf2, 0x98, 0x5b, 0x3e, 0xe7, 0x71, 0x5a, 0x3e,
  0x16, 0x14, 0x14, 0x3d, 0x38, 0xa1, 0xf4, 0x3d, 0x8e, 0x8f, 0xa3, 0xbe,
  0xab, 0x28, 0x08, 0xbe, 0x72, 0x8f, 0x02, 0x3e, 0x8c, 0x74, 0x9b, 0x3c,
  0x72, 0xc0, 0x15, 0x3e, 0x46, 0x69, 0xcf, 0x3c, 0xbb, 0x10, 0xd0, 0xbd,
  0x13, 0xde, 0x3e, 0xbc, 0xde, 0xd1, 0x1d, 0xbe, 0x5f, 0xba, 0xfa, 0x3d,
  0x76, 0xe1, 0x17, 0x3d, 0x5f, 0x3f, 0x33, 0x3d, 0x2a, 0xb0, 0x3e, 0xbc,
  0x07, 0x80, 0x33, 0x3e, 0x9a, 0x6a, 0x04, 0x3e, 0x49, 0x4a, 0x84, 0xbd,
  0x0e, 0x53, 0x0a, 0xbe, 0x74, 0xf7, 0xc7, 0xbd, 0x32, 0x50, 0xba, 0xbe,
  0x31, 0x00, 0x89, 0xbe, 0xac, 0xb6, 0x29, 0xbe, 0x2e, 0x11, 0x7e, 0xbe,
  0x7b, 0x08, 0x2b, 0x3e, 0x50, 0x9b, 0xee, 0x3d, 0x30, 0xec, 0xda, 0xbd,
  0x5f, 0xd1, 0x5a, 0xbd, 0x54, 0x94, 0x47, 0xbe, 0xe5, 0x86, 0xcf, 0xbd,
  0x52, 0xdf, 0x84, 0x3c, 0xe3, 0x0a, 0xe5, 0xbd, 0x2a, 0x0d, 0xb7, 0xbd,
  0x1c, 0x3a, 0x64, 0x3b, 0x67, 0x88, 0x60, 0x3d, 0x02, 0x5e, 0x3e, 0xbd,
  0x14, 0x1e, 0xd9, 0x3e, 0xc4, 0xc4, 0x2e, 0x3e, 0x09, 0x9a, 0x40, 0x3e,
  0x64, 0x9c, 0x22, 0x3e, 0x4d, 0xe8, 0xf7, 0xbd, 0x94, 0xdc, 0xaa, 0xbd,
  0x5f, 0xba, 0x90, 0xbd, 0xef, 0xad, 0x6e, 0x3e, 0xa6, 0x3c, 0xeb, 0xbd,
  0xaf, 0x57, 0x41, 0x3e, 0x7b, 0xd7, 0x62, 0x3d, 0x0a, 0xfe, 0x4c, 0x3e,
  0x6e, 0x68, 0xc3, 0x3e, 0x7a, 0x74, 0xe0, 0x3d, 0xa3, 0xad, 0xdd, 0x3d,
  0x9b, 0xa5, 0x1a, 0x3e, 0x36, 0x28, 0x41, 0xbe, 0x27, 0x16, 0x32, 0xbe,
  0x8b, 0xc4, 0xed, 0xbd, 0x5d, 0x5f, 0xe6, 0x3c, 0x8c, 0x82, 0x96, 0x3e,
  0x95, 0x6f, 0x85, 0xbd, 0x66, 0x07, 0xdc, 0x3e, 0x51, 0x0a, 0x43, 0xbd,
  0x2e, 0x40, 0x25, 0xbe, 0x09, 0xb8, 0xc8, 0xbd, 0x44, 0x81, 0xcb, 0xbd,
  0xa1, 0xcd, 0x2b, 0xbe, 0x61, 0xca, 0x83, 0x3c, 0xff, 0x95, 0xcb, 0x3e,
  0x6d, 0x5b, 0x76, 0xbe, 0xf3, 0xe1, 0xeb, 0xbe, 0x73, 0xcb, 0xde, 0xbc,
  0xdd, 0x83, 0xc5, 0xbd, 0x75, 0x54, 0x51, 0x3e, 0x1c, 0xa5, 0x01, 0x3d,
  0x56, 0x5c, 0x65, 0x3e, 0x1e, 0x33, 0xd2, 0xbd, 0xa7, 0xb4, 0xe7, 0xbd,
  0x7c, 0x24, 0x74, 0x3e, 0x2d, 0x08, 0xac, 0x3d, 0x91, 0xfa, 0xaa, 0x3d,
  0x52, 0xe7, 0x4b, 0x3d, 0xe9, 0xe7, 0x0a, 0x3b, 0x14, 0x6a, 0x6a, 0x3e,
  0x30, 0x94, 0xc1, 0xbd, 0x46, 0x64, 0xe4, 0xbd, 0xbe, 0x32, 0x76, 0x3c,
  0xae, 0x4d, 0xe8, 0xbd, 0xb8, 0xe4, 0xa5, 0xbe, 0x83, 0xd7, 0x85, 0xbd,
  0x65, 0xa1, 0x9c, 0xbd, 0x2f, 0xb3, 0x85, 0x3e, 0x65, 0x0c, 0x23, 0x3c,
  0x7e, 0x05, 0xa2, 0x3e, 0xa6, 0x98, 0xd9, 0x3c, 0xc7, 0xba, 0x23, 0xbd,
  0xb9, 0x6f, 0x7c, 0x3e, 0xe6, 0x12, 0x18, 0x3e, 0xc8, 0xe1, 0x8e, 0xbd,
  0xe9, 0xd7, 0xc7, 0x3c, 0x1c, 0x4a, 0x4b, 0x3e, 0xb2, 0x6a, 0xa5, 0xbe,
  0x01, 0xfe, 0xd3, 0xbe, 0xd8, 0x40, 0x1b, 0x3d, 0x0a, 0x9e, 0x5b, 0x3e,
  0xed, 0xf0, 0xf0, 0x3d, 0x76, 0xbf, 0x41, 0x3e, 0xcf, 0x99, 0x2a, 0x3e,
  0xe6, 0x56, 0x33, 0x3e, 0x63, 0xc0, 0x92, 0xbd, 0x06, 0xc4, 0x09, 0xba,
  0x87, 0xba, 0x1c, 0x3e, 0x65, 0x7d, 0x79, 0x3e, 0x2b, 0x25, 0x3a, 0x3e,
  0x47, 0x57, 0x79, 0x3e, 0x15, 0x3b, 0x71, 0x3e, 0x44, 0x99, 0x66, 0xbe,
  0x25, 0xe5, 0x91, 0x3d, 0x6a, 0x98, 0x8c, 0xbd, 0x99, 0xe4, 0x0e, 0x3e,
  0x2c, 0x5c, 0x05, 0xbe, 0x6b, 0xa9, 0x05, 0x3e, 0x42, 0x4a, 0x61, 0x3d,
  0x7a, 0x99, 0x89, 0xbc, 0x27, 0xff, 0xa1, 0xbc, 0x1d, 0x33, 0xd4, 0x3e,
  0x2b, 0x8e, 0xf7, 0xbd, 0x4f, 0x04, 0x70, 0xbe, 0xb8, 0x55, 0xa0, 0xbc,
  0x55, 0xcc, 0xa5, 0x3e, 0x81, 0x09, 0xd1, 0xbe, 0x68, 0x02, 0x17, 0x3e,
  0xb7, 0xd4, 0x4f, 0x3e, 0x4b, 0x29, 0x24, 0xbe, 0x39, 0xd7, 0x23, 0xbe,
  0x56, 0xc1, 0x83, 0x3e, 0x72, 0x7a, 0x33, 0x3e, 0x98, 0x3a, 0xd0, 0x3c,
  0xf2, 0xaa, 0xe0, 0x3b, 0xe4, 0x34, 0x03, 0x3e, 0x4f, 0x43, 0xb1, 0x3d,
  0xba, 0xc0, 0xab, 0xbd, 0x0a, 0xf1, 0xc8, 0x3e, 0x58, 0xc9, 0x06, 0x3d,
  0xf8, 0xed, 0x2c, 0x3e, 0x38, 0x91, 0x2f, 0x3e, 0x0a, 0x23, 0x0f, 0x3e,
  0xdf, 0x85, 0x1c, 0xbd, 0x18, 0x4f, 0x12, 0xbe, 0x25, 0x86, 0xb5, 0xbd,
  0xc7, 0x2c, 0xab, 0xbd, 0xce, 0x8e, 0xa3, 0x3d, 0x4e, 0x96, 0x2b, 0xbe,
  0x55, 0x69, 0xe1, 0xbd, 0xdd, 0x98, 0x60, 0x3c, 0x18, 0x76, 0xb3, 0x3d,
  0xe2, 0x23, 0xdf, 0xbd, 0x5d, 0x92, 0xcf, 0x3e, 0xab, 0x39, 0x95, 0xbe,
  0x98, 0xbf, 0xd6, 0x3d, 0x7e, 0x31, 0xc9, 0xbd, 0x20, 0x4f, 0xe5, 0x3d,
  0xa0, 0x17, 0x42, 0x3e, 0x12, 0xbd, 0xb9, 0xbd, 0xde, 0xd9, 0x79, 0xbd,
  0xb4, 0xf9, 0x64, 0x3d, 0x43, 0x0e, 0xde, 0xbd, 0xd6, 0x79, 0x29, 0x3d,
  0x16, 0x77, 0x0d, 0xbe, 0xd2, 0x94, 0xf4, 0xba, 0x63, 0x60, 0x15, 0xbd,
  0x0c, 0x2c, 0xcc, 0x3d, 0xb5, 0xff, 0xe5, 0x3d, 0x13, 0xd0, 0xb7, 0xbd,
  0xcd, 0x2e, 0x15, 0x3e, 0x33, 0x6d, 0xdc, 0xbb, 0x80, 0x6a, 0x57, 0xbd,
  0xbb, 0x64, 0x3b, 0x3e, 0xca, 0xdb, 0x0c, 0x3d, 0x84, 0x8c, 0xd6, 0x3d,
  0x50, 0xa0, 0x1e, 0x3d, 0xf9, 0x97, 0x14, 0x3e, 0x1a, 0x73, 0x90, 0xbc,
  0x5e, 0x21, 0x53, 0x3c, 0x29, 0x33, 0x4a, 0xbd, 0x8f, 0x6f, 0x43, 0xbe,
  0x0a, 0xcb, 0x26, 0xbe, 0xf7, 0x19, 0xeb, 0x3d, 0x79, 0x20, 0x32, 0xbe,
  0x18, 0x24, 0x68, 0x3d, 0x35, 0xb7, 0x84, 0xbc, 0x85, 0x4d, 0x5e, 0xbe,
  0xa0, 0x68, 0x40, 0xbe, 0x4a, 0x5e, 0x71, 0xbe, 0xb3, 0x5e, 0x6f, 0xbd,
  0x9c, 0xae, 0x0b, 0x3e, 0x30, 0x6b, 0x35, 0xbd, 0xef, 0xd0, 0x1c, 0x3c,
  0x50, 0x9c, 0xa0, 0xbe, 0x7a, 0xcf, 0xf4, 0x3d, 0x6d, 0xea, 0x1e, 0x3e,
  0xd2, 0xd4, 0x33, 0x3e, 0xc5, 0xa2, 0x24, 0xbe, 0x0c, 0x86, 0xe9, 0xbd,
  0xcd, 0xea, 0xe3, 0xbd, 0x7b, 0x17, 0xda, 0xbc, 0x32, 0x7b, 0x0d, 0xbe,
  0x30, 0x1c, 0x3c, 0xbe, 0x81, 0xcb, 0x27, 0xbd, 0x37, 0xb8, 0x16, 0x3e,
  0xc6, 0x61, 0x13, 0xbe, 0x5c, 0x90, 0x77, 0xbd, 0x05, 0x81, 0xb1, 0x3b,
  0x74, 0x8b, 0x01, 0xbd, 0x69, 0x6b, 0xce, 0xbd, 0x0b, 0xbf, 0xeb, 0xbc,
  0x73, 0xc2, 0x5e, 0xbe, 0xda, 0xe3, 0xca, 0xbd, 0xb6, 0x59, 0xfb, 0xbd,
  0xe8, 0xd1, 0xdb, 0x3c, 0x2d, 0xe0, 0x50, 0xbe, 0x5b, 0x46, 0xa1, 0xbe,
  0x49, 0x01, 0x7e, 0x3d, 0xe5, 0x2f, 0xd9, 0xbd, 0xc3, 0x13, 0x2b, 0x3e,
  0x4a, 0x72, 0x99, 0xbe, 0x55, 0xab, 0x4a, 0xbe, 0x9d, 0xf6, 0x2c, 0xbd,
  0x72, 0xd7, 0xc4, 0xbd, 0xc2, 0x6a, 0xe5, 0x3d, 0x38, 0x27, 0x5d, 0xbe,
  0x51, 0x9a, 0xc1, 0x3d, 0x1e, 0x48, 0xe0, 0xbc, 0x08, 0x89, 0xb2, 0x3d,
  0xc2, 0xe7, 0xc6, 0x3d, 0x4b, 0xbf, 0xb6, 0x3c, 0x7e, 0x58, 0xd1, 0x3d,
  0x1a, 0x20, 0x20, 0xbe, 0x5b, 0x10, 0x6f, 0x3d, 0xf4, 0x47, 0x3a, 0xbd,
  0x43, 0x88, 0xe4, 0xbd, 0x39, 0xa9, 0x66, 0xbe, 0x23, 0x83, 0x64, 0x3c,
  0x74, 0x9e, 0x41, 0xbe, 0x88, 0xf5, 0x31, 0xbe, 0x51, 0x6f, 0xa9, 0x3c,
  0x56, 0xa8, 0x07, 0x3e, 0xd8, 0xa2, 0xaf, 0x3d, 0xc1, 0x8f, 0xb1, 0x3d,
  0xc0, 0xc6, 0x45, 0x3e, 0x72, 0x35, 0x41, 0x3c, 0x13, 0xb2, 0x09, 0xbe,
  0x76, 0x30, 0x4d, 0xbe, 0x1a, 0x2e, 0x00, 0xbe, 0xec, 0x05, 0x9f, 0x3d,
  0xcb, 0x37, 0x3d, 0xbe, 0xb1, 0x15, 0x8a, 0x3d, 0xea, 0x7e, 0x46, 0xbd,
  0x10, 0xa8, 0x35, 0x3e, 0x1b, 0x77, 0x0b, 0xbe, 0x61, 0xb4, 0x8f, 0x3d,
  0x13, 0x53, 0x37, 0x3d, 0xe0, 0xeb, 0x91, 0xbe, 0x0a, 0x08, 0x77, 0xbe,
  0xc0, 0xd8, 0x1f, 0xbd, 0x87, 0x67, 0x0a, 0x3d, 0xb2, 0x9e, 0x27, 0x3e,
  0x94, 0x16, 0x32, 0x3e, 0x2e, 0x3b, 0x65, 0x3e, 0x8b, 0xe8, 0x13, 0x3e,
  0x5b, 0x1e, 0x04, 0x3b, 0xd0, 0xa3, 0x25, 0x3e, 0x91, 0x12, 0xa0, 0x3b,
  0x25, 0x57, 0x0e, 0x3e, 0xa9, 0x50, 0x34, 0x3c, 0xee, 0x3f, 0x06, 0x3c,
  0xd1, 0xc5, 0xa0, 0xbd, 0x84, 0xe1, 0x15, 0x3d, 0x3a, 0x50, 0xf7, 0xb9,
  0x8d, 0x3b, 0x0d, 0x3e, 0xed, 0x47, 0xb1, 0xbd, 0x6f, 0xb0, 0x36, 0xbe,
  0xcf, 0xa9, 0x9f, 0xbc, 0x85, 0x47, 0x25, 0x3e, 0x0e, 0x23, 0x44, 0xbe,
  0x5c, 0x66, 0xb9, 0xbe, 0x62, 0x5f, 0x29, 0xbe, 0xe3, 0xe3, 0x9c, 0xbd,
  0x54, 0xd6, 0xbc, 0x3c, 0x0f, 0xd7, 0x18, 0xbe, 0x9d, 0x03, 0x34, 0x3d,
  0xac, 0xa2, 0xf0, 0xbd, 0x62, 0x0c, 0x00, 0xbd, 0x8d, 0x16, 0x4f, 0xbe,
  0x41, 0x14, 0xaf, 0x3d, 0x4a, 0xa9, 0x01, 0x3e, 0x74, 0x82, 0xc8, 0x3c,
  0x91, 0xa3, 0xf3, 0x3d, 0xc1, 0xb2, 0xb0, 0xbd, 0x64, 0x0f, 0x80, 0xbd,
  0x50, 0xaa, 0x86, 0x3d, 0xc7, 0x53, 0x58, 0x3e, 0xe8, 0x8b, 0xad, 0xbd,
  0x1c, 0x14, 0x1e, 0x3e, 0x96, 0x6d, 0x0b, 0xbe, 0x3a, 0x30, 0x5d, 0x3e,
  0xd6, 0x65, 0xcd, 0xbd, 0xaf, 0x91, 0x20, 0x3e, 0x46, 0xd9, 0x3c, 0x3e,
  0xa2, 0x15, 0x97, 0x3e, 0xe8, 0xdc, 0x2c, 0x3c, 0x09, 0x1b, 0xe2, 0x3d,
  0x4b, 0xfc, 0x01, 0x3f, 0x7b, 0xe3, 0x48, 0xbd, 0x62, 0x9b, 0x15, 0xbe,
  0x89, 0x42, 0x3a, 0xbe, 0x9c, 0xba, 0x35, 0xbe, 0xf8, 0x18, 0xd2, 0xbe,
  0x48, 0xba, 0xff, 0xbb, 0x5e, 0x59, 0x09, 0xbe, 0x66, 0xfb, 0x41, 0xbe,
  0xe1, 0x64, 0x4f, 0xbe, 0x02, 0x71, 0xab, 0x3d, 0x2c, 0x96, 0xf7, 0x3d,
  0x8d, 0xd6, 0x91, 0x3d, 0xd0, 0x01, 0xb3, 0x3d, 0xee, 0x88, 0x8f, 0x3e,
  0x7a, 0x13, 0x0a, 0xbe, 0xd1, 0xb3, 0x3b, 0x3e, 0x96, 0x06, 0x0c, 0x3e,
  0x99, 0x5b, 0x28, 0x3e, 0xbf, 0x13, 0x5f, 0xbd, 0x3b, 0x85, 0x30, 0x3e,
  0x14, 0xec, 0xe1, 0xbc, 0x32, 0x65, 0x22, 0x3e, 0x84, 0x7d, 0x23, 0x3e,
  0x74, 0x1b, 0xa8, 0xbd, 0xaf, 0x02, 0x41, 0x3d, 0xd7, 0xd6, 0x2c, 0xbe,
  0x77, 0x2b, 0x07, 0x3e, 0xfb, 0x43, 0xc3, 0x3d, 0x34, 0xba, 0xb2, 0x3d,
  0x29, 0x32, 0x93, 0x3d, 0x3e, 0xa0, 0x30, 0x3e, 0x55, 0xc5, 0xbc, 0xbd,
  0x30, 0xf5, 0xbd, 0x3d, 0x0e, 0x00, 0x44, 0xbd, 0xdb, 0x06, 0x3d, 0x3d,
  0xf9, 0x6e, 0x60, 0xbe, 0x98, 0x42, 0xbf, 0xbd, 0xc7, 0xda, 0xf4, 0xbd,
  0x77, 0x3f, 0x31, 0xbe, 0x89, 0x86, 0xc1, 0xbd, 0x8e, 0x03, 0x5d, 0xbb,
  0x79, 0x9b, 0xae, 0x3d, 0x77, 0x0b, 0xce, 0xbd, 0x67, 0xf7, 0x0e, 0x3e,
  0xd8, 0x0c, 0x20, 0xbe, 0x91, 0x3c, 0xec, 0x3d, 0xaa, 0xc7, 0x65, 0xbd,
  0xd9, 0x39, 0x05, 0x3e, 0x41, 0x3b, 0xab, 0x3d, 0xb6, 0xe3, 0x92, 0x3e,
  0x0e, 0x10, 0x1e, 0x3e, 0x40, 0xfe, 0xc0, 0xbd, 0x35, 0x8b, 0x54, 0x3e,
  0x00, 0xea, 0x67, 0x3d, 0x24, 0xd8, 0xe9, 0xbd, 0x97, 0x08, 0xc5, 0xbd,
  0xed, 0x7e, 0xae, 0xbe, 0xbe, 0xa4, 0xfd, 0x3d, 0x11, 0x8e, 0xfd, 0x3d,
  0x99, 0xeb, 0xb4, 0x3d, 0xdb, 0xe0, 0x8b, 0xbc, 0x4b, 0x05, 0x61, 0xbe,
  0x31, 0x04, 0x76, 0x3d, 0x79, 0x7d, 0xe6, 0x3e, 0xf5, 0x46, 0x15, 0x3d,
  0xa9, 0x9e, 0x92, 0xbd, 0xe8, 0x2b, 0xb8, 0xbd, 0xc0, 0xf6, 0x79, 0xbd,
  0x90, 0x48, 0xf9, 0xbe, 0x46, 0x1f, 0x39, 0x3e, 0xe3, 0x68, 0x32, 0x3d,
  0x47, 0x08, 0xe4, 0xbc, 0x7e, 0x9a, 0xab, 0xbd, 0x11, 0xca, 0x46, 0x3e,
  0x7a, 0xce, 0xeb, 0xbd, 0x34, 0x54, 0x0f, 0x3e, 0xfc, 0x11, 0x80, 0x3c,
  0xd4, 0x28, 0x2d, 0xbd, 0xdf, 0x5e, 0x0f, 0xbd, 0x1e, 0x87, 0xd4, 0x3d,
  0xd0, 0xb2, 0x20, 0x3e, 0x03, 0x26, 0x8c, 0x3e, 0x37, 0x2f, 0x6e, 0x3d,
  0xf1, 0x4c, 0x67, 0x3e, 0x16, 0xb9, 0x89, 0xbd, 0x18, 0xb3, 0x32, 0xbe,
  0x34, 0xaf, 0x95, 0x3c, 0x0f, 0xae, 0x20, 0xbd, 0x4d, 0x2e, 0x6a, 0xbe,
  0x8c, 0xf8, 0xf0, 0x3c, 0xc9, 0xc6, 0x17, 0x3e, 0xb9, 0xd4, 0x4c, 0x3e,
  0xae, 0xa3, 0x39, 0x3e, 0x90, 0xa7, 0xb9, 0xbd, 0xae, 0xfc, 0xcf, 0x3c,
  0xfe, 0xf0, 0x5d, 0xbe, 0x86, 0x34, 0x1d, 0xbe, 0xc6, 0x8e, 0x24, 0x3d,
  0x17, 0x6c, 0x99, 0x3c, 0x40, 0x10, 0x9f, 0xbc, 0x73, 0x38, 0xa5, 0xbe,
  0xb0, 0x2c, 0x3e, 0x3c, 0x13, 0x09, 0x71, 0xbe, 0x3d, 0x0a, 0x2c, 0x3e,
  0x44, 0xcc, 0x2d, 0x3e, 0x1d, 0x8e, 0x29, 0x3e, 0x1b, 0xb6, 0x0c, 0x3e,
  0x8c, 0x85, 0xf5, 0x3c, 0xdc, 0xb3, 0xbc, 0x3b, 0x1b, 0xd6, 0xd7, 0xbd,
  0x1d, 0xbd, 0xba, 0xbd, 0x10, 0x85, 0xa1, 0xbd, 0x54, 0xc6, 0xfa, 0x3d,
  0xe4, 0xa9, 0xcb, 0xbd, 0x03, 0x6d, 0x8a, 0xbc, 0x27, 0xad, 0x00, 0x3c,
  0x54, 0xc7, 0x81, 0x3d, 0xbb, 0x4a, 0x54, 0xbd, 0xc7, 0x1b, 0x19, 0xbd,
  0xb3, 0x43, 0xf3, 0xbd, 0x6b, 0x2d, 0x05, 0x3e, 0xb0, 0x32, 0xec, 0x3d,
  0x57, 0xf5, 0x34, 0x3e, 0x6a, 0xb8, 0x38, 0xbe, 0x6c, 0xb3, 0x5c, 0x3e,
  0x6a, 0x9f, 0xd9, 0x3b, 0xaf, 0xfd, 0x4f, 0xbe, 0x20, 0x36, 0xbd, 0xbe,
  0xec, 0xe4, 0x91, 0xbd, 0xe9, 0x60, 0x8e, 0x3c, 0x19, 0xdc, 0x54, 0x3e,
  0xe9, 0x5c, 0x6c, 0xbe, 0xb7, 0xd3, 0x8b, 0x3e, 0xfc, 0x85, 0xe5, 0xbb,
  0x31, 0x9d, 0x07, 0xbc, 0x19, 0x88, 0x40, 0xbd, 0xaf, 0x09, 0x37, 0x3e,
  0x7a, 0xb1, 0xa3, 0x3d, 0x1c, 0x99, 0x9b, 0xbc, 0x1e, 0x51, 0x4c, 0x3e,
  0x9d, 0x2f, 0x56, 0xbc, 0xb6, 0x8a, 0xb8, 0xbc, 0xa8, 0x05, 0x91, 0x3e,
  0x1d, 0x9b, 0x3c, 0x3e, 0xad, 0x7a, 0x9f, 0xbc, 0x7d, 0xf6, 0xa5, 0x3d,
  0xc6, 0x75, 0x8e, 0xbe, 0xe7, 0x67, 0x90, 0x3c, 0x5d, 0xd6, 0x06, 0x3e,
  0xd8, 0x8c, 0xb3, 0x3d, 0xf4, 0x8a, 0x33, 0x3e, 0x1f, 0x21, 0xa2, 0xbd,
  0x4a, 0x82, 0x2f, 0x3e, 0xbe, 0xeb, 0xac, 0x3e, 0x00, 0xb5, 0xe7, 0x3d,
  0xd8, 0x2f, 0xad, 0xbe, 0xd0, 0xa4, 0x2f, 0x3e, 0xc7, 0x2a, 0xcc, 0x3d,
  0xe7, 0xdc, 0xe5, 0xbe, 0x79, 0x24, 0xba, 0xbe, 0xd1, 0xa8, 0x1c, 0xbe,
  0x31, 0x6c, 0xf2, 0x3d, 0x9c, 0x46, 0x3b, 0x3e, 0x07, 0xc6, 0xea, 0xbd,
  0x65, 0x26, 0x56, 0x3e, 0x54, 0xe5, 0x4b, 0xbe, 0x90, 0xe1, 0xc5, 0x3c,
  0x85, 0x35, 0x5e, 0xbd, 0x9a, 0x78, 0x9e, 0xbd, 0x8a, 0x2a, 0x9d, 0x3e,
  0xa5, 0x3a, 0xbc, 0xbb, 0x81, 0x60, 0x0b, 0x3e, 0x55, 0x9a, 0xa7, 0xbe,
  0x31, 0x3c, 0x08, 0xbe, 0x11, 0xb8, 0x3c, 0x3e, 0xa8, 0x12, 0x9c, 0xbd,
  0xa8, 0x1f, 0xf2, 0x3d, 0x1e, 0x9f, 0x14, 0xbe, 0x8c, 0xd5, 0x2a, 0x3d,
  0x1d, 0x43, 0xf9, 0xbd, 0x57, 0x76, 0x7c, 0x3d, 0xf5, 0xdb, 0x24, 0x3e,
  0x2b, 0x34, 0x88, 0x3c, 0x27, 0xbd, 0x17, 0x3e, 0x97, 0x92, 0xc6, 0x3e,
  0xdf, 0x0f, 0x8f, 0x3e, 0x8b, 0x17, 0x7d, 0xbe, 0xd7, 0xcc, 0x6c, 0xbe,
  0x0a, 0x0a, 0xdf, 0x3d, 0x3b, 0x47, 0x08, 0x39, 0x0e, 0x9f, 0x96, 0xbe,
  0x36, 0xa9, 0x6d, 0xbd, 0x0e, 0xa9, 0x16, 0xbe, 0xb7, 0xf9, 0xa9, 0x3d,
  0x9a, 0xc0, 0x02, 0x3e, 0x64, 0x4f, 0x11, 0x3e, 0x32, 0x80, 0x1b, 0x3e,
  0x92, 0xb6, 0x48, 0x3b, 0xcf, 0x47, 0x1d, 0xbe, 0x5a, 0x7a, 0x22, 0xbe,
  0xa7, 0x34, 0x8e, 0x3e, 0xec, 0xd6, 0xb7, 0xbd, 0x99, 0xe6, 0xe8, 0xbc,
  0xeb, 0x83, 0x9b, 0x3e, 0x19, 0xf7, 0xcd, 0xbe, 0x08, 0x23, 0xa6, 0xbe,
  0xc1, 0x0f, 0x48, 0x3e, 0x47, 0x79, 0x02, 0x3e, 0xe6, 0xd0, 0x76, 0x3d,
  0xa3, 0x04, 0x38, 0xbd, 0x16, 0xe7, 0x4a, 0xbe, 0x1c, 0x8c, 0x49, 0xbe,
  0xe8, 0xd6, 0x22, 0xbe, 0x09, 0xf3, 0xca, 0x3e, 0xae, 0x06, 0x2b, 0x3e,
  0x20, 0xa2, 0x9a, 0xbe, 0xd2, 0xa1, 0xc1, 0xbd, 0xb7, 0x4d, 0x99, 0x3e,
  0x9c, 0xcf, 0x69, 0xbe, 0xcc, 0x09, 0x3b, 0xbe, 0xaa, 0x09, 0x46, 0xbe,
  0xab, 0xb8, 0x8b, 0xbe, 0x7c, 0xbe, 0xe3, 0xbe, 0x02, 0x0a, 0x73, 0xbd,
  0xb9, 0x1c, 0x2c, 0xbe, 0xf1, 0xc8, 0x6f, 0xbe, 0xa3, 0x68, 0x64, 0x3e,
  0xf5, 0x5d, 0x7a, 0x3c, 0xdf, 0x99, 0x19, 0xbe, 0xc0, 0x37, 0xd9, 0xbd,
  0x30, 0x21, 0x4e, 0x3d, 0x4b, 0xc6, 0xf5, 0xbc, 0x4b, 0x14, 0xd9, 0xbd,
  0x14, 0x67, 0x88, 0x3d, 0xf5, 0xc1, 0xbd, 0xbc, 0x2a, 0x21, 0x8b, 0xbd,
  0xc3, 0xa7, 0x69, 0x3e, 0x48, 0xde, 0xa4, 0x3e, 0x25, 0x9f, 0x28, 0xbe,
  0x6d, 0x86, 0x85, 0xbe, 0xae, 0xc5, 0x90, 0x3d, 0x33, 0x86, 0x17, 0x3e,
  0x3c, 0x34, 0xb6, 0xbd, 0xae, 0x51, 0xfd, 0xbd, 0x0d, 0xd7, 0x31, 0x3e,
  0xc3, 0x2c, 0xaa, 0xbe, 0x73, 0xd4, 0x1e, 0xbe, 0xf8, 0xd7, 0x46, 0xbe,
  0xbd, 0xc0, 0xf9, 0xbd, 0x8c, 0x8f, 0xc7, 0xbd, 0x57, 0xaf, 0x97, 0xbe,
  0x97, 0x8d, 0x20, 0xbd, 0xb8, 0x25, 0x88, 0xbd, 0xf5, 0xfb, 0x8c, 0xbe,
  0x81, 0x5e, 0x41, 0xbd, 0xfa, 0x1b, 0xe8, 0x3e, 0x98, 0xed, 0x17, 0x3e,
  0x3e, 0x89, 0x0b, 0x3e, 0x82, 0x4d, 0x1c, 0xbe, 0x57, 0x8d, 0x93, 0x3e,
  0x17, 0x4a, 0x61, 0xbd, 0xec, 0xad, 0xa3, 0x3e, 0xbf, 0x36, 0x9c, 0x3d,
  0xf8, 0x63, 0x3c, 0x3d, 0xc7, 0x75, 0x75, 0xbb, 0x4a, 0x24, 0x2a, 0xbe,
  0xcb, 0xe9, 0x07, 0xbd, 0xbf, 0xcc, 0xd1, 0x3a, 0x50, 0xb7, 0x3d, 0x3d,
  0xad, 0xfb, 0x73, 0x3e, 0xe6, 0xe5, 0xb6, 0xbe, 0x31, 0x1c, 0x90, 0x3c,
  0xe3, 0x1f, 0x4c, 0x3e, 0x8d, 0x56, 0x11, 0x3e, 0x47, 0x1d, 0x05, 0xbe,
  0x88, 0xc4, 0x9c, 0xbd, 0xd9, 0x7b, 0xa7, 0xbc, 0xee, 0x22, 0xa0, 0xbe,
  0x5b, 0xf2, 0x99, 0xbe, 0xee, 0xe0, 0xeb, 0xbc, 0x0d, 0x9f, 0xb5, 0xbe,
  0x51, 0x0c, 0x83, 0xbb, 0xec, 0x3a, 0x95, 0xbe, 0x07, 0xbd, 0xb4, 0x3d,
  0xa2, 0x18, 0x09, 0x3c, 0xa5, 0x19, 0x31, 0xbe, 0xab, 0x6e, 0x42, 0x3e,
  0x3f, 0x3d, 0x06, 0x3f, 0x70, 0xb3, 0x1f, 0xbc, 0x7f, 0x71, 0xd4, 0x3d,
  0x7d, 0xe3, 0x68, 0xbe, 0xaf, 0x0d, 0x8c, 0x3e, 0xc3, 0x23, 0xf3, 0xbc,
  0x9a, 0xf3, 0x88, 0x3e, 0x55, 0xf5, 0x18, 0x3c, 0x74, 0x25, 0x63, 0xbe,
  0x9e, 0xd8, 0x66, 0xbe, 0x68, 0xed, 0x31, 0x3d, 0x41, 0xf0, 0x42, 0x3e,
  0x7f, 0x19, 0xae, 0xbd, 0x32, 0x05, 0x9b, 0xbc, 0x78, 0x9a, 0x91, 0x3e,
  0xe1, 0x55, 0x82, 0xbe, 0xd2, 0x38, 0x7e, 0xbd, 0xb4, 0x17, 0x28, 0x3e,
  0x6e, 0xea, 0x0e, 0x3e, 0xc3, 0x88, 0x26, 0xbd, 0x47, 0x90, 0x99, 0xbe,
  0x96, 0x04, 0xfc, 0xbd, 0x4c, 0x07, 0x36, 0xbe, 0x9d, 0x8e, 0x9e, 0xbe,
  0xd4, 0xa0, 0x3f, 0xbe, 0x5f, 0x76, 0xf0, 0xbe, 0x64, 0xed, 0x45, 0x3d,
  0x13, 0x99, 0xb9, 0xbd, 0xff, 0x43, 0x63, 0xbe, 0x86, 0x4b, 0x0b, 0x3e,
  0xdf, 0x30, 0x35, 0xbd, 0x20, 0xd0, 0x56, 0x3e, 0xe0, 0xf7, 0xd4, 0x3e,
  0x87, 0x4c, 0x77, 0xbd, 0x34, 0xee, 0x8d, 0x3d, 0x72, 0xab, 0x94, 0xbe,
  0xa8, 0x61, 0x93, 0x3e, 0xde, 0x2d, 0x95, 0xbd, 0xac, 0x1f, 0x2b, 0x3e,
  0x24, 0xbb, 0x7c, 0x3d, 0x17, 0x4a, 0xd4, 0xbe, 0x39, 0xd3, 0x09, 0xbe,
  0xba, 0xe1, 0x1a, 0x3e, 0x9b, 0xf0, 0xa1, 0xbd, 0xf4, 0x03, 0xe8, 0x3c,
  0x52, 0x13, 0x36, 0x3e, 0x3a, 0x80, 0x45, 0x3e, 0x6f, 0x6f, 0x2d, 0xbe,
  0x99, 0x92, 0x10, 0xbc, 0x09, 0x1c, 0xe8, 0x3d, 0x47, 0x88, 0xc8, 0xbc,
  0x97, 0x3a, 0x31, 0xbe, 0xd3, 0xe5, 0x4b, 0xbe, 0xa4, 0x05, 0x32, 0x3e,
  0xca, 0x52, 0x7e, 0xbe, 0xbd, 0xa8, 0xdc, 0x3c, 0x3e, 0xe2, 0xaf, 0xbe,
  0x6a, 0xcb, 0x4d, 0xbe, 0x2b, 0xaf, 0x37, 0xbe, 0xd3, 0xb2, 0xc9, 0xbe,
  0x98, 0xaa, 0x0d, 0x3e, 0x4e, 0xc3, 0x52, 0x3e, 0x55, 0x68, 0x78, 0x3d,
  0xcd, 0x48, 0x3e, 0x3e, 0x1d, 0xa6, 0xbb, 0x3e, 0x1b, 0xcc, 0x3e, 0xbd,
  0xe1, 0xd5, 0x60, 0xbe, 0x75, 0x9f, 0x55, 0xbe, 0x86, 0xf6, 0x66, 0x3e,
  0xcc, 0x5b, 0x37, 0x3e, 0x81, 0x96, 0x24, 0x3e, 0x25, 0x20, 0xb7, 0x3e,
  0xec, 0x41, 0x12, 0xbe, 0x24, 0xf7, 0x27, 0x3e, 0x0c, 0x2e, 0x12, 0x3e,
  0x98, 0x14, 0x24, 0x3d, 0xe7, 0x09, 0xe7, 0xbe, 0xac, 0x04, 0x3e, 0x3e,
  0x6d, 0xee, 0x72, 0x3d, 0x75, 0x8c, 0xe7, 0xbd, 0x72, 0x0a, 0x30, 0x3e,
  0x1c, 0x7f, 0xf5, 0xbd, 0xfc, 0xd8, 0x33, 0xbd, 0x6b, 0x98, 0x02, 0xbe,
  0xcf, 0x16, 0xde, 0x3c, 0x4e, 0x98, 0xa4, 0xbd, 0x71, 0x18, 0xa0, 0xbc,
  0x1e, 0x69, 0x1a, 0xbe, 0x14, 0x8b, 0x36, 0xbd, 0xba, 0x62, 0xf3, 0x3c,
  0xb5, 0x70, 0x80, 0xbe, 0x0d, 0xcd, 0x82, 0x3c, 0x77, 0x9d, 0x14, 0xbe,
  0x80, 0xd8, 0x7e, 0xbe, 0x46, 0x94, 0xee, 0x3d, 0x73, 0xea, 0x59, 0xbe,
  0x12, 0x5c, 0x29, 0xbe, 0x2c, 0xf2, 0x89, 0x3d, 0xf4, 0x96, 0x32, 0xbe,
  0x33, 0x3a, 0x2e, 0x3d, 0x99, 0xd7, 0xb9, 0xbc, 0xb1, 0x75, 0x89, 0xbc,
  0xa5, 0x57, 0xd6, 0x3d, 0xcf, 0xee, 0x1a, 0x3e, 0x04, 0x0c, 0x8f, 0xbd,
  0x46, 0xdb, 0xa1, 0xbb, 0xdb, 0xfa, 0x31, 0xbc, 0xfd, 0xb5, 0xce, 0x3d,
  0x14, 0x29, 0x9c, 0xbe, 0x4d, 0xee, 0x15, 0x3e, 0xe9, 0xad, 0x9c, 0x3e,
  0x68, 0x74, 0x89, 0x3e, 0x72, 0xbd, 0xb7, 0x3c, 0x66, 0x48, 0x75, 0xbd,
  0x54, 0x24, 0x97, 0xbe, 0x0b, 0xcc, 0xe4, 0xbd, 0x59, 0x26, 0x4d, 0xbe,
  0xb5, 0xe8, 0xd1, 0xbd, 0x2e, 0xaf, 0x2b, 0xbd, 0xb1, 0xd6, 0x75, 0x3c,
  0x2d, 0x16, 0x1a, 0xbc, 0xef, 0xeb, 0xd9, 0xbc, 0x73, 0x4c, 0xa9, 0x3d,
  0x6f, 0x52, 0x01, 0xbe, 0x0c, 0xef, 0x10, 0xbe, 0x7c, 0xd2, 0x1c, 0xbe,
  0x82, 0xd5, 0xe0, 0x3d, 0x42, 0x9c, 0xa9, 0x3b, 0x71, 0x7c, 0xb4, 0x3e,
  0xf2, 0x46, 0x98, 0xbd, 0xa7, 0x21, 0x6f, 0x3c, 0x18, 0x45, 0x95, 0x3d,
  0x2e, 0xad, 0xec, 0x3d, 0x75, 0xb3, 0x5a, 0x3e, 0xa4, 0x84, 0x6e, 0x3c,
  0x43, 0xd2, 0xc8, 0x3e, 0x87, 0x47, 0xca, 0x3d, 0x4f, 0x48, 0x8b, 0xbd,
  0x63, 0x03, 0x3f, 0x3e, 0x91, 0x14, 0x9c, 0xbb, 0x13, 0xa9, 0x9f, 0x3c,
  0xae, 0x3f, 0xcf, 0x3e, 0x74, 0xd9, 0xb8, 0x3e, 0x79, 0x3a, 0x76, 0x3d,
  0x99, 0x12, 0x76, 0x3d, 0x26, 0x26, 0xab, 0xbd, 0xcb, 0xdf, 0x72, 0xbe,
  0xc8, 0xf6, 0x8d, 0xbe, 0xdc, 0x07, 0xd7, 0xbd, 0xc9, 0xd5, 0xc2, 0xbd,
  0xb8, 0x8c, 0x6a, 0xbd, 0xc3, 0xb6, 0x1d, 0x3e, 0xdc, 0x21, 0x4d, 0xbc,
  0x39, 0x77, 0x49, 0x3e, 0x87, 0xcf, 0x2f, 0xbd, 0x7a, 0x0e, 0xb0, 0xbd,
  0x68, 0x7f, 0xd1, 0xbd, 0x53, 0xd4, 0x7d, 0x3d, 0xcc, 0xcc, 0xdb, 0xbd,
  0x32, 0x70, 0x6e, 0xbe, 0x24, 0x07, 0x97, 0x3e, 0x20, 0x31, 0x3b, 0xbe,
  0x47, 0xf3, 0xd6, 0xbd, 0x8a, 0x5c, 0x22, 0x3e, 0xb3, 0xbb, 0x24, 0x3e,
  0x41, 0x7c, 0x91, 0xbd, 0xf4, 0xba, 0x92, 0x3c, 0xa0, 0xa5, 0x33, 0xbe,
  0xfe, 0xb5, 0x12, 0xbe, 0xd8, 0x03, 0xf8, 0x3d, 0x88, 0x22, 0xb7, 0xbd,
  0xfc, 0xf2, 0x20, 0x3d, 0x15, 0x47, 0xa7, 0x3d, 0x1b, 0x68, 0xe6, 0x3d,
  0x5e, 0x3c, 0x06, 0x3f, 0x92, 0x2c, 0xc5, 0x3d, 0x33, 0x26, 0xbc, 0x3b,
  0xaa, 0xed, 0x6a, 0xbd, 0x86, 0x52, 0xd6, 0x3c, 0x5c, 0x2f, 0xd4, 0xbb,
  0x2a, 0xc4, 0xce, 0xbd, 0x3d, 0x33, 0xf5, 0xbd, 0xb7, 0xac, 0xaf, 0xbb,
  0x0c, 0xf0, 0x0f, 0xbe, 0xc3, 0x1c, 0xe5, 0xbe, 0x09, 0x77, 0xa9, 0xbc,
  0xc4, 0x0e, 0xec, 0x3d, 0x03, 0x3e, 0xc4, 0x3d, 0x73, 0x32, 0x65, 0x3d,
  0x66, 0xaf, 0xd9, 0xbd, 0x8e, 0x72, 0x45, 0x3e, 0x77, 0x3b, 0x43, 0xbd,
  0xad, 0x52, 0xba, 0x3e, 0x58, 0xe3, 0xcb, 0x3d, 0xd2, 0x8e, 0x18, 0xbe,
  0x73, 0xbc, 0x55, 0x3e, 0xc6, 0x94, 0x39, 0x3e, 0x7c, 0x8d, 0x96, 0x3e,
  0x82, 0xb1, 0x90, 0xbd, 0xaa, 0xb6, 0x89, 0xbd, 0x97, 0x4d, 0x12, 0xbd,
  0xad, 0x02, 0x1e, 0xbe, 0x52, 0xf8, 0x1d, 0xbd, 0x64, 0x5b, 0x2c, 0xbe,
  0x3e, 0xb0, 0x26, 0xbc, 0x1b, 0xc1, 0x0e, 0x3e, 0x4e, 0x3e, 0x84, 0x3e,
  0xdd, 0x79, 0xa8, 0xbe, 0xd5, 0xe2, 0x3a, 0xbe, 0x10, 0xba, 0x23, 0x3e,
  0x49, 0x0c, 0x38, 0x3e, 0x17, 0x62, 0xa8, 0xbd, 0x8a, 0x7b, 0xc1, 0xbd,
  0x64, 0x09, 0x9e, 0x3d, 0xa7, 0x09, 0x15, 0x3d, 0x08, 0x87, 0xa0, 0xbe,
  0x68, 0x38, 0x5a, 0xbd, 0x47, 0x3b, 0xb6, 0x3d, 0x75, 0x91, 0x80, 0xbc,
  0x7d, 0xd1, 0x0c, 0xbe, 0x0f, 0xef, 0x42, 0x3e, 0xb3, 0xc0, 0x63, 0x3e,
  0x72, 0x2e, 0x7c, 0xbd, 0x2d, 0xe8, 0x18, 0x3e, 0x2a, 0x62, 0x6d, 0x3e,
  0xc7, 0xa3, 0x29, 0x3e, 0x2a, 0x79, 0x2c, 0x3e, 0x30, 0x88, 0xbc, 0xbe,
  0x80, 0xb6, 0x53, 0xbd, 0x8b, 0xc9, 0x94, 0xbe, 0x1b, 0x5f, 0x5c, 0x3e,
  0xc6, 0xd8, 0xf8, 0xbb, 0xb9, 0xb1, 0x16, 0xbe, 0x3f, 0x5a, 0xaa, 0xbe,
  0x75, 0x29, 0xda, 0xbd, 0x56, 0x41, 0x65, 0xbd, 0x26, 0x39, 0x78, 0xbb,
  0x72, 0x02, 0xec, 0x3d, 0x72, 0x77, 0x33, 0x3e, 0xb7, 0x37, 0x69, 0xbe,
  0x4b, 0xd3, 0x5b, 0xbc, 0xbc, 0xdf, 0xcc, 0xbd, 0x52, 0xcf, 0x49, 0x3e,
  0xb5, 0x44, 0x75, 0xbe, 0x15, 0x20, 0x14, 0x3d, 0xa9, 0xfb, 0x02, 0xbd,
  0xf6, 0x53, 0x9a, 0xbd, 0x99, 0xf6, 0xf2, 0x3c, 0x63, 0x17, 0x74, 0xbb,
  0x5a, 0x50, 0xfc, 0xbd, 0x5b, 0xcd, 0x5f, 0xbe, 0xec, 0x19, 0xa0, 0xbe,
  0x2e, 0x3d, 0x82, 0x3e, 0x05, 0x46, 0x4c, 0x3e, 0x42, 0xbc, 0xe3, 0xbd,
  0x84, 0xaf, 0x2a, 0x3e, 0x48, 0x42, 0xfe, 0x3e, 0xbf, 0x51, 0x4b, 0xbe,
  0xa9, 0xa2, 0x15, 0xbd, 0xf2, 0x46, 0xce, 0xbd, 0x6a, 0xc3, 0xb9, 0x3d,
  0x0f, 0xfb, 0xa6, 0xbe, 0xb0, 0x77, 0x04, 0x3e, 0x4b, 0x6d, 0xa0, 0xbd,
  0x16, 0x46, 0x9c, 0xbe, 0x40, 0x61, 0xf1, 0xbc, 0xf4, 0x58, 0xf4, 0x3d,
  0x23, 0x04, 0xca, 0x3d, 0xc2, 0x17, 0x9b, 0x3d, 0x0e, 0xd8, 0xd1, 0x3d,
  0x65, 0xf4, 0x58, 0x3d, 0x3d, 0x50, 0xb9, 0xbe, 0x17, 0x90, 0x7b, 0x39,
  0xae, 0xfb, 0xda, 0x3c, 0x29, 0xbb, 0x3e, 0xbd, 0x07, 0xfc, 0x8a, 0xbd,
  0x92, 0x09, 0xdc, 0xbd, 0xfb, 0x6e, 0x06, 0x3e, 0xe5, 0x36, 0x90, 0xbe,
  0x3a, 0x61, 0x88, 0xbb, 0x50, 0x81, 0x98, 0x3d, 0x65, 0x6e, 0x19, 0xbe,
  0x11, 0x27, 0x9b, 0xbd, 0x38, 0xae, 0x42, 0xbe, 0x57, 0xed, 0x22, 0x3e,
  0xce, 0x82, 0x6e, 0x3e, 0xe8, 0x25, 0xc6, 0x3d, 0x24, 0x76, 0x67, 0x3e,
  0xe8, 0x0d, 0x02, 0x3f, 0x83, 0x44, 0xa1, 0x3d, 0x7e, 0x11, 0x07, 0xbe,
  0x81, 0x6c, 0x7c, 0xbe, 0xec, 0xf3, 0x09, 0x3e, 0xa7, 0x3a, 0xa0, 0xbe,
  0xc5, 0xfe, 0x8d, 0x3e, 0xb3, 0x88, 0xc3, 0x3d, 0x49, 0x8c, 0x86, 0xbd,
  0xd7, 0x37, 0xdf, 0xbe, 0x21, 0x79, 0x46, 0x3e, 0xe6, 0xf4, 0x1a, 0xbd,
  0xdc, 0x0e, 0x1e, 0x3e, 0x06, 0xb8, 0x5a, 0x3e, 0x0e, 0xda, 0x4e, 0x3e,
  0x61, 0xc0, 0x98, 0xbe, 0xa6, 0x9b, 0x4f, 0xbd, 0xcc, 0x8d, 0x0d, 0xbd,
  0x77, 0x2c, 0x45, 0x3e, 0xf6, 0xd3, 0x9a, 0xbe, 0xac, 0x1c, 0xd6, 0x3d,
  0x1e, 0x78, 0x09, 0xbe, 0x72, 0x91, 0x99, 0xbe, 0x88, 0xc9, 0xb8, 0x3d,
  0xd3, 0x16, 0x8e, 0xbd, 0xab, 0x60, 0x02, 0x3e, 0xbe, 0x58, 0x9e, 0xbc,
  0xcd, 0xe5, 0x8f, 0xbe, 0x9c, 0x15, 0x87, 0xbc, 0x1b, 0x07, 0x4c, 0x3e,
  0x8e, 0x37, 0x06, 0xbd, 0x87, 0xfe, 0x4a, 0x3e, 0x6a, 0x4b, 0xbf, 0x3e,
  0xf7, 0x6a, 0x5e, 0xbc, 0x96, 0x3b, 0x4b, 0xbe, 0x8e, 0xb4, 0xf9, 0xbd,
  0x6e, 0xf7, 0x62, 0x3e, 0x37, 0x78, 0xa2, 0xbd, 0x1e, 0xd4, 0x81, 0x3e,
  0x09, 0xa4, 0x14, 0x3f, 0xac, 0x4e, 0x2f, 0x3e, 0x8c, 0x2c, 0x56, 0x3e,
  0xfc, 0xc2, 0x23, 0x3d, 0x6b, 0xa6, 0x3d, 0x3e, 0xaa, 0xde, 0x3f, 0xbe,
  0x90, 0x1c, 0xbb, 0x3e, 0xef, 0x66, 0xa9, 0x3e, 0x26, 0x09, 0x6d, 0xbe,
  0x1f, 0x88, 0x18, 0x3e, 0xd3, 0x55, 0x88, 0xbe, 0xb3, 0x63, 0x82, 0xbe,
  0xdd, 0x43, 0x88, 0xbe, 0x45, 0xe5, 0x4f, 0xbe, 0xec, 0x72, 0xd0, 0xbd,
  0x59, 0x59, 0x3a, 0xbe, 0x2d, 0xd8, 0x86, 0x3d, 0x45, 0x27, 0x01, 0xbe,
  0x1e, 0xf9, 0x39, 0x3d, 0x88, 0xc0, 0xa4, 0xbe, 0x90, 0x27, 0x39, 0x3d,
  0x47, 0xbd, 0x20, 0xbe, 0xc8, 0x2d, 0x89, 0xbe, 0xab, 0xf1, 0x15, 0x3e,
  0x0a, 0x39, 0x9f, 0xbd, 0xb0, 0xcd, 0x3c, 0xbe, 0xdb, 0xed, 0x70, 0xbd,
  0x4b, 0x27, 0x6b, 0xbe, 0x93, 0xf1, 0xa4, 0xbd, 0x16, 0x52, 0x38, 0x3e,
  0x3a, 0x6f, 0xa2, 0x3e, 0x4a, 0x65, 0x9f, 0xbd, 0xe1, 0x09, 0x86, 0x3e,
  0x8d, 0x91, 0x46, 0xbe, 0x08, 0xfb, 0x59, 0x3e, 0xf9, 0x17, 0x68, 0x3e,
  0x16, 0x78, 0x09, 0xbe, 0x01, 0x6e, 0xd6, 0xbd, 0x52, 0x46, 0x52, 0x3e,
  0xf1, 0xdd, 0xf0, 0x3e, 0x30, 0x68, 0xf5, 0xbd, 0x8c, 0xd2, 0x0d, 0x3d,
  0x61, 0x9d, 0x2d, 0xbe, 0xed, 0xc4, 0xa0, 0xbe, 0x7f, 0x9e, 0x8a, 0xbe,
  0x04, 0xfa, 0x66, 0xbe, 0x29, 0x02, 0x74, 0x3e, 0x79, 0x5f, 0x1a, 0xbe,
  0x28, 0x3b, 0x0f, 0x3e, 0xfc, 0xb1, 0xe6, 0xbb, 0xbf, 0x49, 0x1b, 0x3e,
  0x47, 0xa9, 0x55, 0xbe, 0x1e, 0x5a, 0x0a, 0xbe, 0x32, 0xa3, 0xfb, 0xbc,
  0x7a, 0xa0, 0xec, 0x3d, 0x30, 0x99, 0x1f, 0x3e, 0x80, 0x34, 0x37, 0xbe,
  0x38, 0x39, 0xb8, 0x3e, 0x2f, 0x01, 0x81, 0x3c, 0x71, 0xc7, 0x2a, 0xbe,
  0x2e, 0x98, 0xa4, 0x3d, 0x54, 0xeb, 0x6c, 0xbd, 0x9d, 0x29, 0x5f, 0x3e,
  0x75, 0x7b, 0x97, 0x3c, 0x4d, 0xd1, 0x48, 0x3e, 0x76, 0xd6, 0xc2, 0xbc,
  0x1e, 0x58, 0xb7, 0xbd, 0x3f, 0x9f, 0x1e, 0x3e, 0x3b, 0x88, 0x30, 0xbd,
  0x1c, 0xda, 0x50, 0xbd, 0xa8, 0x96, 0xc5, 0x3e, 0x19, 0xf8, 0x19, 0x3f,
  0x4b, 0x93, 0x7a, 0xbe, 0xae, 0xf1, 0xd4, 0x3c, 0x8d, 0x9b, 0xad, 0xbb,
  0x29, 0xe5, 0x48, 0xbe, 0x81, 0x32, 0x5e, 0x3d, 0x57, 0xb0, 0xd6, 0xbd,
  0x55, 0xc8, 0xf3, 0xbd, 0xd8, 0x3b, 0xd1, 0xbd, 0x19, 0x65, 0x13, 0x3d,
  0x34, 0x94, 0x3b, 0xbe, 0x6e, 0xa3, 0x7d, 0x3e, 0x58, 0xdf, 0x00, 0x3e,
  0x18, 0x7f, 0xb4, 0x3c, 0x36, 0xd5, 0xb8, 0x3d, 0x30, 0x6f, 0x31, 0xbd,
  0xcc, 0xf7, 0x77, 0x3e, 0x1d, 0x4e, 0xaa, 0xbe, 0x5d, 0x5c, 0x88, 0x3e,
  0x25, 0x35, 0x75, 0xbd, 0x99, 0xac, 0xe4, 0xbd, 0x5f, 0x6a, 0x9c, 0x3c,
  0xc1, 0x13, 0x38, 0x3e, 0x71, 0xa3, 0x5e, 0x3e, 0x9d, 0x8b, 0x71, 0xbd,
  0x53, 0x72, 0xda, 0xbc, 0x56, 0x20, 0x94, 0x3d, 0x3b, 0xb8, 0xb0, 0x3e,
  0xe4, 0x17, 0x23, 0x3e, 0x4a, 0x82, 0x1c, 0xbd, 0x13, 0x7c, 0x02, 0xbb,
  0xef, 0x7d, 0xe8, 0x3d, 0x9c, 0x62, 0xdc, 0x3e, 0x64, 0xa9, 0x6e, 0xbd,
  0xcf, 0x7a, 0x32, 0xbe, 0x46, 0x2e, 0xb3, 0xbd, 0x81, 0xcd, 0x9d, 0x3d,
  0x4a, 0xb4, 0x90, 0xbd, 0xe9, 0x47, 0x93, 0xbd, 0x5b, 0x07, 0xa2, 0xbd,
  0xe4, 0x92, 0x6a, 0x3b, 0xd9, 0x59, 0x11, 0xbb, 0x9d, 0x81, 0x0c, 0xbf,
  0xe9, 0x8c, 0x37, 0x3e, 0xe1, 0xa7, 0xfc, 0xbd, 0x08, 0x87, 0x75, 0xbe,
  0xa2, 0x75, 0x85, 0xbe, 0xf0, 0xed, 0x40, 0x3d, 0xe8, 0x00, 0x40, 0xbd,
  0x98, 0x17, 0x96, 0xbd, 0xd2, 0x33, 0x8d, 0x3e, 0x96, 0xbc, 0x06, 0x3e,
  0xab, 0x58, 0x3c, 0xbe, 0x47, 0x4d, 0x3c, 0x3e, 0xfc, 0x2b, 0x16, 0x3e,
  0x3d, 0x95, 0x6e, 0x3d, 0xce, 0x7c, 0x18, 0x3c, 0x0b, 0xc6, 0xe4, 0xbe,
  0xe4, 0x0a, 0xb9, 0xbc, 0x0b, 0x3f, 0x93, 0xbe, 0x2a, 0xe2, 0xcf, 0xbd,
  0x97, 0x64, 0x2a, 0xbe, 0x0c, 0x60, 0x5c, 0x3e, 0x3c, 0xdd, 0x24, 0xbf,
  0xe2, 0x48, 0x05, 0xbf, 0x09, 0xb6, 0x31, 0xbe, 0x4a, 0xf8, 0x68, 0x3e,
  0xa1, 0x87, 0xfd, 0x3d, 0xcd, 0xb6, 0x3f, 0xbe, 0x9d, 0x28, 0x87, 0xbe,
  0xc4, 0x9d, 0xed, 0x3d, 0x20, 0xa2, 0x9c, 0xbe, 0xa4, 0xbd, 0x89, 0x3d,
  0xa7, 0x72, 0x0b, 0x3e, 0x11, 0xb2, 0x48, 0x3e, 0x1f, 0x04, 0x19, 0x3e,
  0x3e, 0xe9, 0xc6, 0x3e, 0x0f, 0x7b, 0x3d, 0xbe, 0x80, 0x76, 0x0b, 0x3e,
  0x38, 0xec, 0x95, 0xbd, 0x29, 0xdf, 0x1c, 0x3e, 0x1c, 0x08, 0xf4, 0x3d,
  0x50, 0x09, 0xec, 0xbd, 0xa8, 0xef, 0xf8, 0xbc, 0x6b, 0xbb, 0x36, 0x3e,
  0x1a, 0xe3, 0xf0, 0xbd, 0x7e, 0x16, 0x68, 0x3d, 0xaf, 0x0c, 0x9c, 0x3d,
  0x7f, 0x0e, 0xaf, 0xbe, 0x4f, 0xe2, 0x17, 0xbf, 0xd1, 0x8d, 0x34, 0x3e,
  0xc3, 0x2d, 0x65, 0xbe, 0x1c, 0x62, 0x93, 0x3c, 0xd4, 0x6d, 0x85, 0x3d,
  0xb0, 0xd3, 0x1b, 0x3e, 0x8a, 0x84, 0xf1, 0xbe, 0x5e, 0x35, 0xdd, 0xbe,
  0x23, 0xa4, 0xb2, 0x3d, 0xe8, 0x31, 0x5e, 0x3d, 0xfe, 0xa0, 0xb4, 0x3d,
  0xdc, 0x52, 0x29, 0x3e, 0x19, 0xb1, 0x0b, 0xbe, 0x15, 0x75, 0xe2, 0xbd,
  0xef, 0xf3, 0x03, 0xbf, 0x0d, 0x15, 0xfc, 0x3d, 0x5d, 0x92, 0xa9, 0xbd,
  0x65, 0x64, 0xac, 0x3e, 0xeb, 0xf0, 0x3d, 0xbd, 0x34, 0x6a, 0xb8, 0x3e,
  0xfa, 0x22, 0x31, 0xbe, 0xc0, 0x2d, 0x06, 0x3e, 0xa4, 0x21, 0x19, 0xbe,
  0x74, 0x26, 0x34, 0xbe, 0x11, 0xc8, 0xb0, 0x3c, 0xc8, 0xb0, 0x85, 0x3d,
  0x87, 0xc6, 0x1e, 0xbe, 0x64, 0xcd, 0x62, 0x3d, 0xc2, 0xfc, 0x46, 0xbe,
  0x68, 0x61, 0x4c, 0xbd, 0xdc, 0x40, 0x86, 0x3e, 0x49, 0xa1, 0x26, 0xbf,
  0xd5, 0xa1, 0x5d, 0xbf, 0x45, 0x06, 0x3c, 0xbe, 0xe8, 0x31, 0x39, 0xbe,
  0x30, 0xc8, 0x5d, 0xbe, 0x59, 0x75, 0xbe, 0xbd, 0x2e, 0x99, 0xcc, 0x3e,
  0x0f, 0x9d, 0x53, 0xbe, 0x7a, 0x49, 0xab, 0xbe, 0x2c, 0xf5, 0xb8, 0x3d,
  0xdc, 0x4e, 0x4f, 0x3e, 0xc2, 0x0a, 0xde, 0xbd, 0x64, 0x7d, 0x47, 0xbe,
  0xe7, 0x1a, 0x76, 0xbe, 0x19, 0xb9, 0x2e, 0x3e, 0x1a, 0x37, 0x1c, 0xbf,
  0xf5, 0xcf, 0x50, 0xbe, 0xec, 0x3d, 0xb9, 0x3d, 0x54, 0x9f, 0x41, 0x3e,
  0x85, 0xea, 0x85, 0xbd, 0xcf, 0xaa, 0xa8, 0x3e, 0x8a, 0x86, 0x23, 0x3e,
  0xa6, 0x6f, 0x0c, 0x3d, 0xc7, 0x36, 0xdd, 0x3c, 0x52, 0xe7, 0xcb, 0xbd,
  0xd6, 0x7c, 0xaa, 0x3e, 0xa2, 0x53, 0xa4, 0xbd, 0x0d, 0x2f, 0x0d, 0xbe,
  0x68, 0xd0, 0x17, 0x3d, 0x4a, 0x84, 0x0a, 0xbe, 0xe7, 0x6c, 0x98, 0xbe,
  0xe3, 0x81, 0x4a, 0x3e, 0x7f, 0xd8, 0x31, 0xbf, 0xac, 0x8e, 0x2a, 0xbf,
  0x97, 0x0d, 0x2c, 0x3e, 0x03, 0xc0, 0xd1, 0xbe, 0xfa, 0xfe, 0x83, 0xbe,
  0xac, 0x67, 0xa4, 0x3d, 0x87, 0xcc, 0xcb, 0x3d, 0x63, 0x26, 0x3b, 0xbe,
  0x5e, 0xca, 0xbd, 0xbe, 0xf1, 0xcd, 0x80, 0x3d, 0x7f, 0xd6, 0x6f, 0x3d,
  0xcf, 0x1f, 0x52, 0x3e, 0x0d, 0x4b, 0x37, 0xbe, 0xa3, 0xfa, 0x14, 0x3e,
  0xae, 0x54, 0xe5, 0x3d, 0xd9, 0x38, 0xf4, 0xbe, 0x46, 0x3c, 0xb4, 0xbd,
  0x24, 0xba, 0x35, 0xbd, 0x02, 0xc4, 0xfb, 0x3e, 0x32, 0xe7, 0x6d, 0xbe,
  0x8d, 0xc8, 0x85, 0x3e, 0x3f, 0x2f, 0x97, 0xbd, 0x36, 0x0b, 0xea, 0x3c,
  0x3d, 0x6b, 0x20, 0xbd, 0xc6, 0x6c, 0x58, 0xbe, 0x1a, 0x63, 0x52, 0x3d,
  0x38, 0x00, 0x48, 0xbe, 0xe8, 0x50, 0x10, 0x3e, 0x2e, 0x26, 0x73, 0xbd,
  0x0c, 0xbb, 0x63, 0x3e, 0x39, 0x01, 0xf0, 0xbe, 0x8b, 0xd0, 0x3d, 0x3e,
  0x92, 0xba, 0x2e, 0xbf, 0x51, 0xf1, 0x19, 0x3d, 0x18, 0xb7, 0xa3, 0xbe,
  0x26, 0xcd, 0x3f, 0xbe, 0x73, 0xf8, 0x85, 0x3e, 0xa0, 0x70, 0x36, 0x3e,
  0x95, 0xea, 0x1d, 0x3c, 0x9d, 0x21, 0x8a, 0xbd, 0x72, 0xc2, 0xaa, 0x3c,
  0x4f, 0xb1, 0x57, 0x3e, 0x97, 0x8f, 0x25, 0xbe, 0x36, 0x2f, 0x57, 0x3e,
  0x7d, 0x36, 0xda, 0x3d, 0xaf, 0xef, 0x83, 0x3e, 0x87, 0x6a, 0x00, 0xbe,
  0x6c, 0x04, 0xad, 0xbd, 0x2d, 0x03, 0xaf, 0xbe, 0x82, 0xca, 0x9b, 0x3d,
  0xe8, 0x00, 0x56, 0x3e, 0x6a, 0xca, 0x10, 0xbe, 0x28, 0x62, 0x08, 0x3e,
  0x89, 0x43, 0x78, 0x3e, 0x1f, 0xb5, 0xa4, 0xbd, 0x75, 0x6b, 0xe1, 0xbd,
  0x05, 0xf5, 0x45, 0xbd, 0xd3, 0x20, 0xab, 0xbe, 0x57, 0xa5, 0xd5, 0xbe,
  0x5e, 0xec, 0xe7, 0xbd, 0xc7, 0x62, 0xea, 0x3d, 0x8b, 0x23, 0x24, 0x3e,
  0xe9, 0x0c, 0x3b, 0xbe, 0x15, 0x7d, 0x62, 0x3d, 0x8b, 0x2a, 0x9d, 0xbd,
  0x94, 0x63, 0x02, 0x3d, 0x90, 0xfc, 0x95, 0x3c, 0xb1, 0x67, 0x0b, 0xbe,
  0x9b, 0x6e, 0xdb, 0x3d, 0xb5, 0x1d, 0x1d, 0xbe, 0x04, 0xa6, 0x66, 0x3e,
  0x69, 0x35, 0x37, 0xbe, 0xba, 0xd4, 0x19, 0xbe, 0x61, 0x8d, 0xdc, 0xbc,
  0xaa, 0x0e, 0x96, 0xbc, 0x52, 0x89, 0x54, 0x3d, 0x33, 0xd0, 0xff, 0xbd,
  0x82, 0xdc, 0x86, 0xbd, 0xd5, 0x41, 0xda, 0xbd, 0x59, 0xe0, 0x05, 0xbe,
  0xba, 0x49, 0x4c, 0x3d, 0x98, 0x67, 0xd9, 0xbc, 0x56, 0x12, 0x69, 0x3e,
  0x36, 0x04, 0xfe, 0x3d, 0x19, 0xcc, 0x02, 0x3e, 0x66, 0x28, 0x1c, 0x3d,
  0x10, 0xf2, 0x58, 0xbe, 0x1d, 0x63, 0xa4, 0x3a, 0x30, 0x7c, 0x88, 0x3d,
  0x5b, 0x28, 0xab, 0x3b, 0x6e, 0xb5, 0x82, 0xbe, 0x75, 0x6b, 0x40, 0xbe,
  0x3f, 0x3d, 0x8b, 0x3e, 0x05, 0xaa, 0x10, 0x3d, 0x20, 0xec, 0xbd, 0xbc,
  0x3c, 0x20, 0x4d, 0x3e, 0x0e, 0x7c, 0xa0, 0xbe, 0x84, 0x19, 0x89, 0xbe,
  0x45, 0x23, 0x99, 0x3e, 0x60, 0x89, 0x80, 0x3e, 0xdf, 0x34, 0x10, 0xbe,
  0xa0, 0x5b, 0x4d, 0x3e, 0x9d, 0x8a, 0xe1, 0x3c, 0x74, 0x1f, 0x4d, 0xbe,
  0x1b, 0x11, 0x5f, 0x3e, 0x34, 0x1f, 0x37, 0x3e, 0xcd, 0xe5, 0xa5, 0x3e,
  0xa5, 0x5d, 0xdf, 0xbd, 0xb7, 0xd0, 0xad, 0x3c, 0xa5, 0xe6, 0xd0, 0xbc,
  0xe8, 0xb2, 0xad, 0x3e, 0x2d, 0xeb, 0x16, 0xbe, 0xb3, 0xf8, 0x9c, 0x3e,
  0x1f, 0x8c, 0xd1, 0xbd, 0xbd, 0x9c, 0x45, 0xbd, 0xf9, 0x5b, 0x6d, 0x3e,
  0xc8, 0x37, 0xe2, 0x3d, 0xa9, 0x99, 0xa7, 0x3e, 0x7a, 0x6c, 0xa7, 0xbc,
  0xb3, 0x14, 0xa2, 0xbe, 0x1b, 0x73, 0xa9, 0x3e, 0x10, 0xbb, 0x49, 0xbd,
  0xf2, 0x6a, 0x59, 0xbd, 0xe0, 0x5f, 0x09, 0x3e, 0x46, 0x2c, 0xa2, 0x3d,
  0x19, 0x70, 0xe3, 0x3c, 0x6f, 0xb4, 0x59, 0x3e, 0xa9, 0x3f, 0x3f, 0x3e,
  0x37, 0x65, 0x23, 0xbe, 0xf6, 0xe8, 0x5b, 0xbe, 0xe0, 0x0c, 0x92, 0x3e,
  0xce, 0x53, 0xfa, 0x3e, 0x42, 0x1e, 0x17, 0xbe, 0xa0, 0x02, 0x7d, 0x3c,
  0x70, 0x79, 0xf7, 0xbd, 0x09, 0x17, 0x2f, 0xbe, 0x00, 0x28, 0x8e, 0x3d,
  0x52, 0x87, 0x8e, 0x3e, 0x96, 0xba, 0xdf, 0x3e, 0xb0, 0x85, 0x23, 0xbe,
  0xb3, 0x8b, 0x90, 0xbd, 0x96, 0xdd, 0x8f, 0x3d, 0xa0, 0x7e, 0xe6, 0xbd,
  0x42, 0x44, 0xbf, 0xbc, 0xb1, 0xcd, 0x27, 0x3f, 0x9f, 0x55, 0xf2, 0xbd,
  0x23, 0x3e, 0x81, 0xbd, 0x64, 0xc6, 0x06, 0x3e, 0x4b, 0xfb, 0xfb, 0xba,
  0xa7, 0x7b, 0x5d, 0x3e, 0xd9, 0xbb, 0xa8, 0xbe, 0xe6, 0x62, 0xa3, 0xbc,
  0xa9, 0xe0, 0xb0, 0x3e, 0x30, 0xc1, 0xc8, 0xbe, 0x13, 0x58, 0x84, 0xbe,
  0x04, 0x4d, 0x90, 0x3d, 0xe6, 0x1a, 0xbe, 0xbb, 0x17, 0x6f, 0x4f, 0x3e,
  0x73, 0x03, 0x77, 0x3d, 0x4e, 0xc9, 0x22, 0x3d, 0x9c, 0x8a, 0x87, 0xbe,
  0xf9, 0x30, 0x51, 0x3e, 0x99, 0x10, 0x5f, 0xbe, 0x11, 0x49, 0xf4, 0x3d,
  0xbf, 0x96, 0x70, 0x3e, 0x69, 0x9f, 0x80, 0xbd, 0xb1, 0x3c, 0x65, 0xbd,
  0x37, 0x2c, 0xbb, 0x3e, 0x9e, 0xa0, 0x07, 0x3f, 0x78, 0x57, 0x81, 0xbe,
  0x31, 0x0e, 0x11, 0x3c, 0xab, 0xcf, 0x40, 0x3e, 0xe6, 0x38, 0x05, 0x3e,
  0xb7, 0x79, 0x9a, 0xbe, 0x18, 0x56, 0xb9, 0xbe, 0xb2, 0xcb, 0x5b, 0xbc,
  0x0d, 0x0c, 0xc5, 0xbe, 0x81, 0xcb, 0xf0, 0x3d, 0x4e, 0xd9, 0x49, 0xbd,
  0x20, 0x65, 0xaa, 0xbd, 0x17, 0x67, 0x57, 0xbe, 0xcc, 0xe4, 0x83, 0xbe,
  0x01, 0x74, 0xf1, 0xbc, 0xd9, 0x8f, 0xe4, 0xbd, 0xcd, 0x8e, 0x00, 0x3d,
  0xea, 0x45, 0x4b, 0x3d, 0x43, 0xe2, 0x48, 0xbe, 0xdf, 0x81, 0x1b, 0x3d,
  0x4f, 0x86, 0x06, 0x3e, 0xb3, 0xa4, 0x86, 0xbd, 0x39, 0x73, 0x9a, 0x3c,
  0x40, 0x35, 0xc3, 0xbd, 0xd8, 0xca, 0xd4, 0x3e, 0x45, 0x82, 0x1b, 0x3e,
  0x3c, 0xd8, 0x85, 0xbe, 0x7c, 0x70, 0x9f, 0x3e, 0x43, 0xbb, 0xbc, 0xbd,
  0x10, 0x40, 0x22, 0x3e, 0xf7, 0xdb, 0x55, 0x3c, 0xa3, 0xcd, 0xeb, 0x3e,
  0xb6, 0x55, 0xa7, 0x3e, 0xbc, 0x3e, 0x59, 0xbe, 0x30, 0xa2, 0xce, 0xbd,
  0x44, 0x0d, 0xad, 0x3b, 0xd9, 0xc9, 0xa6, 0x3d, 0x2d, 0x20, 0x71, 0xbe,
  0xe7, 0xb6, 0x1d, 0xbe, 0x4d, 0xc8, 0xd3, 0x3d, 0xa4, 0x6b, 0xb0, 0xbe,
  0x76, 0x56, 0x27, 0x3d, 0xe6, 0x45, 0x9f, 0xbe, 0x56, 0xc0, 0x0f, 0xbd,
  0x51, 0xf8, 0xaa, 0xbe, 0xe9, 0x77, 0xe9, 0xbe, 0xd6, 0xc0, 0xe1, 0x3c,
  0xa3, 0xba, 0xde, 0x3d, 0xcf, 0x7f, 0xb3, 0xbd, 0x08, 0xca, 0x38, 0xbe,
  0x15, 0x1d, 0xd6, 0x3e, 0x95, 0x2a, 0xa2, 0xbd, 0xa3, 0x63, 0xeb, 0xbd,
  0xa9, 0x0a, 0x10, 0xbd, 0xfe, 0x3c, 0x79, 0xbd, 0x86, 0xe9, 0x50, 0xbd,
  0x9f, 0x22, 0x19, 0x3e, 0xea, 0x3f, 0x96, 0x3e, 0x0b, 0xb3, 0x7f, 0xbd,
  0x4f, 0x21, 0x36, 0x3e, 0x2a, 0xd1, 0x53, 0x3e, 0x1b, 0xae, 0x21, 0x3e,
  0xec, 0x1f, 0x89, 0xbe, 0xe5, 0x3b, 0x8f, 0x3e, 0x4a, 0x59, 0xdd, 0x3e,
  0x9b, 0x2c, 0xa7, 0xbd, 0x13, 0x0e, 0xbc, 0xbd, 0xf6, 0x22, 0x19, 0xbe,
  0xcd, 0xab, 0x98, 0xbd, 0xce, 0xdc, 0x17, 0xbd, 0xc2, 0x1e, 0x43, 0x3d,
  0x6e, 0x0e, 0x6c, 0x3e, 0x94, 0xa7, 0x2e, 0x3d, 0x93, 0xd2, 0x03, 0xbe,
  0x56, 0x81, 0xc8, 0xbe, 0xc8, 0xab, 0x08, 0x3e, 0x97, 0xb1, 0x18, 0xbe,
  0x0a, 0xaa, 0x38, 0xbe, 0x52, 0x90, 0x73, 0xbd, 0x45, 0x8a, 0xda, 0xbd,
  0xca, 0xab, 0x87, 0x3d, 0x45, 0xfc, 0x1b, 0xbe, 0xe3, 0x08, 0xbf, 0x3e,
  0xd9, 0xff, 0x2e, 0x3e, 0x61, 0xe5, 0xfc, 0x3d, 0xb9, 0xac, 0xb7, 0x3b,
  0xa0, 0x8a, 0x83, 0x3e, 0x75, 0xdf, 0x8f, 0x3e, 0xdf, 0x92, 0x4f, 0x3e,
  0xb1, 0x4d, 0x91, 0x3e, 0x40, 0x53, 0xf8, 0xbd, 0xe7, 0x07, 0xdd, 0x3e,
  0x54, 0x2c, 0x7a, 0x3e, 0xaf, 0xbc, 0x3a, 0xbe, 0x05, 0xe4, 0x90, 0xbe,
  0xf4, 0x2d, 0x8d, 0x3e, 0x35, 0x34, 0x3c, 0x3f, 0xdb, 0x71, 0x7c, 0x3c,
  0x08, 0xd6, 0x53, 0x3d, 0xc4, 0x1d, 0x2a, 0x3e, 0x68, 0xcc, 0x32, 0x3e,
  0xf6, 0x4f, 0x75, 0xbc, 0x4c, 0x04, 0x58, 0xbd, 0xa4, 0x24, 0x83, 0x3e,
  0xc5, 0x92, 0x02, 0x3e, 0xc6, 0xcb, 0x25, 0xbe, 0x2b, 0xdd, 0xc4, 0xbe,
  0xa8, 0xdb, 0xc9, 0x3d, 0x23, 0xb0, 0xa6, 0xbd, 0x21, 0x07, 0xaa, 0xbe,
  0xbf, 0x84, 0x0d, 0x3e, 0xee, 0x60, 0xd6, 0xbc, 0xff, 0xb1, 0x04, 0xbd,
  0x3b, 0x5f, 0x26, 0x3c, 0x06, 0xab, 0xf7, 0x3e, 0x3e, 0x82, 0x51, 0xbe,
  0xdf, 0xce, 0x2f, 0x3e, 0x35, 0xc0, 0x01, 0xbe, 0x2c, 0x92, 0xfb, 0x3e,
  0x11, 0xb0, 0xee, 0x3d, 0xef, 0xf2, 0x82, 0x3e, 0x90, 0x93, 0x00, 0xbe,
  0x03, 0x04, 0xb2, 0xbe, 0xcb, 0x8d, 0x9a, 0xbc, 0x63, 0x12, 0xc7, 0x3d,
  0xcc, 0xb1, 0x1c, 0xbe, 0xb1, 0x8d, 0x18, 0xbe, 0x19, 0x9b, 0xee, 0x3c,
  0xc5, 0x72, 0xdf, 0x3e, 0x7e, 0xa3, 0x10, 0xbe, 0xe8, 0xbc, 0x16, 0xbe,
  0x75, 0x92, 0x3d, 0x3e, 0x9b, 0xaa, 0xfe, 0x3d, 0xb5, 0xc0, 0x2c, 0x3d,
  0xe7, 0xec, 0x18, 0xbe, 0x5f, 0x72, 0x8b, 0x3d, 0x11, 0xa9, 0xf4, 0xbe,
  0xa1, 0x35, 0x8c, 0xbe, 0x81, 0xb9, 0x85, 0xbe, 0x3e, 0x1c, 0x3c, 0xbc,
  0xc8, 0xa7, 0xfb, 0xbd, 0x31, 0xa3, 0x1d, 0xbe, 0x96, 0xbf, 0x6f, 0x3e,
  0x54, 0x07, 0x9c, 0x3e, 0x35, 0x8a, 0xfb, 0xbe, 0xc2, 0xfe, 0xc4, 0xbc,
  0xfe, 0x68, 0x37, 0x3f, 0xc4, 0xad, 0xd1, 0x3d, 0x0a, 0x17, 0x00, 0x3b,
  0x22, 0x04, 0xe1, 0xbe, 0x89, 0x1f, 0x24, 0x3e, 0xc4, 0xa4, 0x07, 0xbf,
  0x77, 0x83, 0x96, 0x3e, 0xb0, 0x68, 0x6f, 0xbd, 0xb8, 0x06, 0xb2, 0xbe,
  0xc4, 0xf3, 0xac, 0xbe, 0x46, 0xef, 0xe6, 0x3d, 0xec, 0x9e, 0x41, 0x3e,
  0x11, 0xf9, 0x9d, 0xbe, 0x2c, 0x8e, 0x81, 0x3e, 0x21, 0x99, 0xa8, 0x3e,
  0x8c, 0x67, 0xd8, 0xbe, 0x7d, 0xe3, 0x18, 0xbe, 0xce, 0x7d, 0x80, 0xbc,
  0x09, 0x0c, 0xe8, 0xbc, 0x03, 0x47, 0x9e, 0xbe, 0x3c, 0xbe, 0x06, 0xbd,
  0xf8, 0xb1, 0x1a, 0x3e, 0x61, 0x68, 0x9e, 0xbe, 0x9e, 0x60, 0x96, 0xbe,
  0x54, 0xe1, 0x85, 0xbe, 0x59, 0xca, 0x80, 0xbe, 0xf7, 0x2f, 0xd6, 0xbc,
  0x5f, 0xd0, 0x5c, 0xbe, 0x10, 0xde, 0x85, 0x3e, 0xaa, 0x2a, 0x51, 0x3e,
  0xb0, 0xc2, 0x92, 0xbe, 0xe7, 0x59, 0x4f, 0x3e, 0xfc, 0xa7, 0x4a, 0x3f,
  0x96, 0xb4, 0x3f, 0xbe, 0x20, 0xb3, 0x0b, 0xbe, 0xe9, 0x23, 0x7a, 0xbe,
  0xba, 0xa0, 0xa0, 0x3e, 0xc4, 0xa0, 0x97, 0xbe, 0xfd, 0x9f, 0xb3, 0x3d,
  0xa9, 0xa7, 0x74, 0x3d, 0x34, 0x17, 0x87, 0x3c, 0x63, 0xee, 0x11, 0xbe,
  0xac, 0xad, 0x6d, 0x3e, 0xf3, 0x5c, 0x29, 0xbe, 0x4e, 0xc1, 0xe0, 0x3d,
  0xcd, 0x49, 0x9a, 0x3d, 0x2a, 0xac, 0xbb, 0x3e, 0x74, 0x7d, 0xa9, 0xbe,
  0xd0, 0xf7, 0x24, 0xbc, 0xf1, 0x3b, 0x20, 0xba, 0xf4, 0x3d, 0xfd, 0x3d,
  0x70, 0x7a, 0x40, 0xbd, 0xe1, 0x3e, 0x24, 0x3b, 0xd6, 0x0c, 0x35, 0x3e,
  0xe7, 0x36, 0x24, 0xbe, 0x8e, 0x46, 0x97, 0x3d, 0x82, 0xe2, 0x4e, 0xbe,
  0x3f, 0x15, 0x28, 0xbe, 0x1a, 0xee, 0x27, 0xbe, 0x65, 0x06, 0x32, 0xbd,
  0xd0, 0x78, 0x8f, 0x3c, 0x84, 0x97, 0x82, 0x3e, 0xd9, 0x27, 0xd8, 0xbd,
  0xa8, 0x70, 0x89, 0x3e, 0x26, 0x55, 0x4b, 0x3f, 0xa7, 0x9f, 0x16, 0x3d,
  0xb0, 0x52, 0x84, 0xbe, 0xe0, 0x24, 0x27, 0xbe, 0xe5, 0xc9, 0x40, 0x3d,
  0x3c, 0x40, 0x56, 0xbe, 0x03, 0x35, 0x52, 0x3e, 0xf4, 0x87, 0x4d, 0x3e,
  0x9b, 0xaa, 0xbe, 0xbe, 0x16, 0x78, 0x25, 0xbf, 0xcb, 0x61, 0x63, 0x3e,
  0x21, 0x14, 0x6a, 0xbd, 0x15, 0x64, 0x97, 0x3e, 0x9b, 0xa0, 0x5a, 0x3e,
  0x6b, 0x23, 0x81, 0x3e, 0x9e, 0x84, 0x76, 0xbe, 0xbb, 0x3c, 0x53, 0xbe,
  0x4d, 0x38, 0xbe, 0xbc, 0xdc, 0xd3, 0x09, 0x3e, 0xe3, 0x28, 0xc1, 0xbe,
  0x63, 0xbf, 0x82, 0xbd, 0x29, 0xaf, 0xda, 0x3d, 0x37, 0x30, 0xef, 0xbe,
  0xf3, 0xef, 0x38, 0xbe, 0xef, 0xb7, 0xc5, 0xbd, 0xf5, 0x8f, 0xd3, 0xbe,
  0x1f, 0xb4, 0x52, 0x3e, 0x18, 0x50, 0x8c, 0xbe, 0x2a, 0xd0, 0xde, 0x3d,
  0xca, 0x9f, 0xb6, 0x3e, 0x51, 0x30, 0x5b, 0xbc, 0xb8, 0x53, 0x8f, 0x3e,
  0x2e, 0x7a, 0x33, 0x3f, 0x1d, 0x46, 0xb8, 0x3c, 0x4e, 0xa3, 0xb5, 0x3d,
  0x33, 0x66, 0xf7, 0xbe, 0xaa, 0x88, 0x5c, 0x3e, 0xa4, 0xba, 0xb0, 0xbe,
  0xa9, 0x16, 0x0d, 0x3e, 0xaf, 0x2b, 0xbc, 0xbe, 0x9b, 0x6b, 0xa9, 0x3d,
  0x55, 0x13, 0x14, 0x3d, 0x4b, 0x8c, 0xe0, 0xbd, 0x73, 0xeb, 0x3c, 0xbe,
  0x76, 0x07, 0xa4, 0x3e, 0x4b, 0x80, 0xf0, 0xbe, 0xf3, 0xe4, 0xf6, 0xbe,
  0xc7, 0x7c, 0xca, 0x3d, 0x70, 0x53, 0x3e, 0x3e, 0x7a, 0xa5, 0xf9, 0xbc,
  0xa6, 0xfc, 0x2d, 0xbb, 0xbb, 0x86, 0x20, 0x3d, 0xe3, 0x91, 0x15, 0x3d,
  0xd4, 0x41, 0x71, 0xbd, 0xed, 0x91, 0x49, 0x3c, 0x53, 0xd0, 0x0d, 0xbd,
  0xd4, 0x55, 0x92, 0x3e, 0x35, 0xeb, 0xb4, 0x3d, 0x1a, 0x42, 0xbf, 0x3e,
  0x52, 0xdf, 0xef, 0x3c, 0x0d, 0x24, 0x60, 0x3e, 0x8a, 0xca, 0xc7, 0x3d,
  0xbe, 0x35, 0x60, 0xbe, 0xaf, 0x59, 0xdb, 0xbd, 0x3e, 0x18, 0x33, 0xbe,
  0x26, 0x2c, 0x54, 0x3e, 0x0f, 0x9d, 0x80, 0x3e, 0xb1, 0xbb, 0xaa, 0x3a,
  0xf2, 0x32, 0x81, 0xbe, 0xb2, 0x02, 0xc0, 0x3c, 0x0e, 0x20, 0x46, 0x3d,
  0x64, 0x80, 0xed, 0xbd, 0xe3, 0x5a, 0x01, 0x3d, 0xff, 0x72, 0xe3, 0xbe,
  0xb3, 0xe0, 0x98, 0xbe, 0x29, 0x85, 0xf3, 0x3d, 0x07, 0xc4, 0xa3, 0x3e,
  0xda, 0x90, 0xbf, 0x3b, 0x9c, 0xc5, 0xba, 0xbe, 0x94, 0x2f, 0xd2, 0x3d,
  0x09, 0xb6, 0xbc, 0x3d, 0xf1, 0x22, 0x60, 0x3e, 0x20, 0x06, 0x4c, 0x3e,
  0xc7, 0xf2, 0x1b, 0x3d, 0xba, 0x6f, 0x7b, 0x3e, 0x20, 0x59, 0x8d, 0x3d,
  0x13, 0x02, 0x27, 0xbe, 0xa3, 0xc0, 0x04, 0xbe, 0x52, 0x12, 0xf8, 0x3d,
  0x42, 0x83, 0x72, 0xbe, 0x6d, 0x3c, 0x41, 0x3e, 0xd6, 0xe2, 0x03, 0x3e,
  0x39, 0xdb, 0xf5, 0x3d, 0x2b, 0x6c, 0x6d, 0x3e, 0xd9, 0xd7, 0x1a, 0x3e,
  0x56, 0x23, 0x6c, 0x3e, 0xd3, 0xaf, 0xaa, 0xbd, 0x99, 0x56, 0xd6, 0x3d,
  0xb6, 0xa1, 0x43, 0x3e, 0xfc, 0xb2, 0x9b, 0x3c, 0x6c, 0x73, 0x7b, 0xbe,
  0xd7, 0x6c, 0x1c, 0x3e, 0xbf, 0x00, 0x2d, 0xbe, 0x72, 0xb8, 0xe4, 0xbe,
  0xc2, 0x65, 0xb9, 0x3d, 0x69, 0xf6, 0x84, 0xbd, 0x1d, 0xe7, 0x13, 0xbe,
  0x41, 0xc7, 0x5d, 0xbd, 0x43, 0x2c, 0xe8, 0x3d, 0x8d, 0x50, 0xec, 0xbe,
  0xd4, 0x2a, 0x95, 0xbd, 0x88, 0x71, 0x01, 0xbe, 0x0e, 0xd4, 0x39, 0x3d,
  0xab, 0x69, 0x32, 0x3b, 0xb3, 0x54, 0x89, 0x3d, 0x15, 0x44, 0x92, 0x3e,
  0x43, 0x95, 0x4b, 0x3c, 0x63, 0x18, 0xa5, 0xbd, 0x61, 0xc6, 0xfa, 0xbd,
  0x03, 0x04, 0x54, 0x3e, 0xd0, 0xa3, 0xc2, 0x3e, 0xbb, 0x6e, 0x3a, 0x3d,
  0x87, 0xf4, 0xa7, 0x3e, 0x5e, 0xec, 0x64, 0x3e, 0x3c, 0xcb, 0x58, 0xbd,
  0xab, 0x52, 0x9b, 0x3d, 0x78, 0x80, 0x12, 0xbe, 0x01, 0x41, 0x63, 0x3e,
  0xdc, 0x1d, 0xd1, 0x3d, 0xc9, 0xb9, 0x01, 0x3e, 0xab, 0x24, 0xc3, 0x3c,
  0xbe, 0xcb, 0x06, 0xbd, 0x9a, 0x8c, 0xd3, 0xbd, 0x78, 0x2d, 0x39, 0x3e,
  0x75, 0x57, 0xac, 0xbe, 0xcf, 0x1c, 0x1b, 0xbf, 0x22, 0xd2, 0x9b, 0x3d,
  0x6f, 0x18, 0xde, 0xbc, 0xab, 0x2b, 0x87, 0xbe, 0xb5, 0x4c, 0x20, 0x3c,
  0xe4, 0x7f, 0xec, 0x3d, 0x42, 0x03, 0x0b, 0xbd, 0x18, 0xfc, 0xe8, 0xbe,
  0x36, 0xd6, 0x2e, 0x3d, 0x2e, 0x24, 0xe0, 0x3c, 0x80, 0x7c, 0x06, 0x3d,
  0x60, 0x90, 0xb4, 0xbd, 0x09, 0x37, 0x8a, 0x3c, 0xe5, 0x5a, 0x9a, 0xbb,
  0xae, 0xba, 0x46, 0xbe, 0x09, 0xc3, 0x31, 0xbd, 0x96, 0x93, 0x97, 0xbb,
  0x54, 0x2a, 0x0f, 0x3f, 0xd1, 0xb3, 0x26, 0x3e, 0x5f, 0x26, 0xb6, 0x3e,
  0x03, 0xf0, 0x49, 0x3e, 0x61, 0x1c, 0xcb, 0xbd, 0x01, 0x37, 0xa6, 0xbd,
  0x91, 0x07, 0x55, 0xbd, 0x30, 0xad, 0x84, 0x3e, 0x44, 0xf5, 0xe0, 0xbc,
  0xaa, 0xb8, 0x31, 0xbe, 0xfc, 0xab, 0xce, 0xbd, 0x80, 0x78, 0xc2, 0x3d,
  0x46, 0x4e, 0x0f, 0xbe, 0x8f, 0x79, 0x8e, 0x3d, 0x31, 0x8f, 0x47, 0xbd,
  0xbe, 0xe1, 0xff, 0xff, 0x04, 0x00, 0x00, 0x00, 0xc0, 0x00, 0x00, 0x00,
  0xb7, 0xbf, 0x43, 0xbf, 0xd8, 0x02, 0x8b, 0xbf, 0x84, 0x2b, 0x4f, 0xbf,
  0x3a, 0xd2, 0xaa, 0xbf, 0x12, 0xd5, 0x82, 0xbe, 0xb8, 0x73, 0x05, 0x3f,
  0x56, 0x5a, 0x74, 0xbf, 0x7b, 0x2d, 0x33, 0x3f, 0x07, 0x83, 0xe6, 0x3d,
  0x04, 0x6c, 0x65, 0x3f, 0x1c, 0x32, 0x00, 0x3e, 0x4d, 0x18, 0xd6, 0xbe,
  0xf1, 0x5d, 0x7e, 0xbf, 0xb8, 0xc9, 0x21, 0x3f, 0xf2, 0x61, 0xf5, 0x3e,
  0x0b, 0xcb, 0x50, 0xbf, 0x7f, 0x3e, 0x12, 0x3e, 0x15, 0x0f, 0x12, 0xbf,
  0x17, 0xce, 0xee, 0x3e, 0x62, 0x0f, 0x78, 0x3e, 0xf6, 0xd6, 0xe6, 0xbe,
  0xc2, 0x8f, 0x31, 0xbf, 0xca, 0x12, 0x94, 0xbd, 0x7f, 0x52, 0xb3, 0x3d,
  0x32, 0x42, 0x02, 0x3e, 0x25, 0x0a, 0x80, 0xbf, 0xdd, 0x5b, 0xed, 0x3d,
  0x6f, 0xab, 0xdf, 0xbf, 0x92, 0x2b, 0xb8, 0x3e, 0x67, 0xb5, 0x1a, 0x3f,
  0xbe, 0x63, 0x10, 0xbf, 0x4f, 0xa6, 0x72, 0xbf, 0x52, 0x76, 0x00, 0xbf,
  0x3b, 0xe1, 0x86, 0x3f, 0xda, 0x86, 0x41, 0xbd, 0xbe, 0x0e, 0xe0, 0x3e,
  0xab, 0x44, 0x61, 0xbe, 0x26, 0xce, 0x2c, 0x3f, 0x11, 0x6d, 0x90, 0xbe,
  0x9b, 0x22, 0x82, 0xbf, 0x1b, 0xb4, 0x59, 0xbf, 0xfb, 0x56, 0x2f, 0xbf,
  0x69, 0x95, 0x12, 0xbf, 0x83, 0xec, 0x80, 0x3f, 0x3a, 0xd2, 0xd1, 0x3e,
  0x0b, 0x4c, 0x0c, 0xbf, 0xc6, 0x95, 0xc0, 0xbe, 0x72, 0x7d, 0x9b, 0x3e,
  0x8a, 0xe2, 0xff, 0xff, 0x04, 0x00, 0x00, 0x00, 0x40, 0x02, 0x00, 0x00,
  0x20, 0xb6, 0xe0, 0xbe, 0xa4, 0xdb, 0x85, 0xbe, 0x95, 0xed, 0xcf, 0xbe,
  0x97, 0x93, 0xb5, 0xbe, 0xdc, 0xdf, 0xb9, 0xbe, 0x14, 0x81, 0x58, 0xbe,
  0x20, 0x2f, 0xf2, 0x3d, 0x77, 0x4d, 0xd6, 0x3d, 0x60, 0xd5, 0xbb, 0x3d,
  0x70, 0x2e, 0xd1, 0x3e, 0x9f, 0xb7, 0x4b, 0x3e, 0xfc, 0xc0, 0xe0, 0x3e,
  0x99, 0xae, 0x7b, 0x3e, 0xa1, 0xca, 0x9c, 0xbe, 0xe7, 0x00, 0xed, 0xbd,
  0x26, 0x4b, 0x80, 0x3e, 0x23, 0xfe, 0x7b, 0xbd, 0x07, 0x17, 0xb2, 0x3e,
  0x2f, 0x50, 0x5b, 0x3e, 0x25, 0x3f, 0xb2, 0x3e, 0x70, 0xfc, 0x25, 0x3d,
  0xda, 0xc8, 0xf9, 0xbc, 0x60, 0x22, 0xc1, 0x3e, 0x4e, 0xe2, 0xac, 0x3e,
  0x8f, 0x06, 0x63, 0xbe, 0x94, 0x8f, 0x19, 0xbe, 0x98, 0x93, 0xc4, 0x3d,
  0x95, 0xb7, 0x9d, 0xbd, 0x61, 0x20, 0xa2, 0xbe, 0x04, 0xfa, 0x42, 0xbd,
  0xeb, 0x5f, 0x92, 0x3e, 0x00, 0xdf, 0xf2, 0xbd, 0x1d, 0xba, 0x72, 0x3d,
  0xcd, 0x15, 0x9d, 0x3e, 0xcb, 0x69, 0xf0, 0xbd, 0xee, 0x06, 0xd2, 0x3e,
  0xe8, 0xeb, 0xb0, 0xbe, 0xe5, 0xc6, 0x27, 0xbe, 0xce, 0x7a, 0x3f, 0x3e,
  0x22, 0xdc, 0x0f, 0xbf, 0x33, 0xdf, 0xc3, 0x3e, 0xa7, 0x5c, 0x03, 0x3e,
  0x0a, 0xc2, 0xe1, 0xbe, 0xdd, 0xf3, 0xb6, 0x3e, 0x0a, 0x3e, 0x37, 0x3e,
  0xa9, 0x0d, 0x86, 0xbe, 0xa2, 0x73, 0x41, 0x3e, 0x49, 0xd3, 0xa4, 0x3e,
  0xaf, 0x64, 0x5b, 0x3e, 0x65, 0x3c, 0x84, 0xbe, 0x14, 0x19, 0x21, 0x3c,
  0x7e, 0xd5, 0x02, 0xbe, 0xda, 0xbc, 0x72, 0xbd, 0xa8, 0xe6, 0x6e, 0x3e,
  0x87, 0x44, 0x51, 0xbe, 0x26, 0x54, 0xb1, 0x3e, 0x96, 0x89, 0x1a, 0x3d,
  0xf6, 0xec, 0x5b, 0x3e, 0x85, 0xce, 0x29, 0x3e, 0xd8, 0xa4, 0x21, 0x3c,
  0x8f, 0x26, 0x6b, 0x3d, 0xea, 0x78, 0x9d, 0x3e, 0xae, 0x3c, 0x00, 0x3e,
  0x3d, 0x75, 0xc0, 0xbd, 0x2a, 0x51, 0x10, 0xbe, 0x51, 0x3a, 0xff, 0xbe,
  0x9c, 0xd2, 0xc8, 0xbd, 0x2b, 0x54, 0x5b, 0x3e, 0x2a, 0x33, 0x83, 0xbe,
  0x2a, 0xb3, 0x93, 0x3e, 0x30, 0x5c, 0x36, 0xbc, 0xdb, 0x05, 0x81, 0xbe,
  0xe3, 0xde, 0x83, 0xbe, 0x5c, 0x1b, 0xa9, 0xbe, 0x04, 0x44, 0xc3, 0xbe,
  0xa7, 0xb4, 0x8b, 0x3e, 0x7f, 0x36, 0xf8, 0x3d, 0x7a, 0x38, 0x5a, 0x3d,
  0xb4, 0x0e, 0xea, 0x3c, 0x71, 0x66, 0x4e, 0xbe, 0x21, 0x0e, 0x18, 0xbe,
  0xf4, 0x1b, 0x90, 0x3c, 0x8c, 0x1b, 0xa7, 0x3d, 0xc0, 0x6b, 0x5c, 0xbe,
  0x44, 0x5b, 0xa3, 0x3e, 0xf3, 0xf2, 0x63, 0xbe, 0x63, 0xaa, 0xaa, 0x3e,
  0xb4, 0x21, 0xd5, 0x3e, 0x1d, 0x01, 0x7e, 0xbe, 0x67, 0x06, 0x6d, 0x3e,
  0xf2, 0x04, 0x63, 0xbe, 0xc5, 0xa0, 0xca, 0x3d, 0x71, 0xef, 0x7a, 0xbe,
  0xe0, 0x88, 0x8e, 0x3e, 0x25, 0x17, 0xd7, 0xbe, 0xaf, 0xde, 0xb6, 0x3d,
  0xd3, 0xfa, 0xb8, 0x3e, 0xe7, 0x9d, 0x16, 0x3e, 0xb8, 0x91, 0x22, 0x3e,
  0x1d, 0x88, 0x40, 0xbe, 0xfc, 0x18, 0xdf, 0xbd, 0x27, 0x06, 0x70, 0xbe,
  0x41, 0xd0, 0x83, 0xbd, 0x44, 0x6d, 0xb5, 0x3d, 0x37, 0xad, 0x3f, 0xbe,
  0x25, 0x88, 0xf1, 0x3d, 0xe1, 0x47, 0x02, 0xbf, 0x1e, 0xc5, 0xc8, 0xbe,
  0x41, 0x26, 0xb3, 0x3e, 0x5f, 0xe3, 0xd1, 0xbd, 0x6d, 0x32, 0xa6, 0xbd,
  0xa6, 0xe3, 0xb3, 0x3d, 0x5b, 0x0d, 0xbf, 0xbe, 0x41, 0x34, 0x2b, 0x3c,
  0xa5, 0x4b, 0xfe, 0x3d, 0x9e, 0xc1, 0x7c, 0xbe, 0x1c, 0xf1, 0x17, 0xbe,
  0x66, 0x65, 0x41, 0x3d, 0x12, 0x9c, 0x50, 0xbd, 0xae, 0x04, 0x52, 0xbe,
  0x75, 0xb5, 0xce, 0xbe, 0x5f, 0x3a, 0xbe, 0xbe, 0x8c, 0x78, 0xd4, 0x3d,
  0x7e, 0x79, 0xb6, 0xbe, 0xfa, 0x1a, 0xca, 0xbe, 0x8a, 0x61, 0x03, 0xbf,
  0xc0, 0x70, 0x69, 0x3e, 0xc8, 0x31, 0x88, 0x3e, 0xab, 0x25, 0x65, 0x3d,
  0x5c, 0x75, 0xa5, 0xbe, 0x95, 0xa2, 0xca, 0x3e, 0xfd, 0x84, 0x60, 0x3e,
  0xe8, 0xda, 0x96, 0x3d, 0xb4, 0x9e, 0xc2, 0x3e, 0x74, 0x99, 0xc9, 0x3e,
  0xbb, 0x56, 0xee, 0xbd, 0x74, 0xb1, 0x79, 0x3e, 0xb1, 0x76, 0x84, 0x3e,
  0x1d, 0x64, 0xae, 0x3d, 0x6e, 0x6e, 0xab, 0xbe, 0xb4, 0x81, 0x0c, 0x3d,
  0x14, 0x98, 0xb5, 0xbe, 0x48, 0x75, 0xa9, 0x3e, 0x99, 0xdf, 0x98, 0x3e,
  0xd6, 0xe4, 0xff, 0xff, 0x04, 0x00, 0x00, 0x00, 0x00, 0x18, 0x00, 0x00,
  0x16, 0x38, 0x0c, 0x3e, 0x00, 0x5b, 0xa2, 0x3c, 0x6b, 0x61, 0xfc, 0x3d,
  0xc3, 0x91, 0x9d, 0xbd, 0x3e, 0x4c, 0x5a, 0xbd, 0x16, 0x07, 0x33, 0xbe,
  0x55, 0xc3, 0x9e, 0xbe, 0x36, 0x7e, 0x9b, 0x3e, 0xa8, 0xc3, 0x25, 0xbe,
  0x3e, 0x47, 0xab, 0x3d, 0xf1, 0x85, 0x01, 0xbd, 0xb6, 0xbb, 0x7b, 0x3d,
  0xa2, 0x26, 0xcd, 0x3d, 0x5f, 0x3b, 0x03, 0xbe, 0x87, 0xa4, 0x5f, 0x3e,
  0x0f, 0xcd, 0x96, 0xbe, 0x91, 0x5b, 0x0c, 0x3d, 0xc4, 0x73, 0x10, 0x3d,
  0xc2, 0x0e, 0xf9, 0xbd, 0xfc, 0x3d, 0xd6, 0xbd, 0xc0, 0x0c, 0x01, 0xbe,
  0x16, 0xd2, 0x78, 0xbe, 0xf9, 0x72, 0xd4, 0xbd, 0x98, 0x06, 0x29, 0xbd,
  0x5e, 0xe6, 0x0a, 0x3d, 0x94, 0xc3, 0x2d, 0xbd, 0x36, 0x43, 0x27, 0xbe,
  0xb5, 0xb8, 0x63, 0x3e, 0x96, 0xae, 0x81, 0x3d, 0x1e, 0xd5, 0xf6, 0xbd,
  0xb5, 0xe2, 0xac, 0x3e, 0x09, 0x1d, 0x37, 0x3d, 0x77, 0x33, 0x27, 0x3e,
  0x7a, 0x53, 0x90, 0x3c, 0x60, 0x72, 0x09, 0x3e, 0x9a, 0x99, 0xf0, 0xbd,
  0x28, 0xef, 0x5d, 0xbe, 0xd3, 0x0a, 0x2b, 0xbe, 0x55, 0x9c, 0x91, 0xbe,
  0x6a, 0x24, 0x26, 0x3d, 0xcf, 0x05, 0x4c, 0xbd, 0x52, 0xb4, 0xdd, 0xbd,
  0x76, 0x96, 0x56, 0xbd, 0xff, 0xad, 0x91, 0x3e, 0xb7, 0x9a, 0x01, 0x3e,
  0x71, 0x26, 0x34, 0x3e, 0x67, 0x61, 0xd8, 0x3d, 0xde, 0x21, 0x72, 0xbe,
  0x3e, 0x04, 0x69, 0x3d, 0x8b, 0xf3, 0x8d, 0xbe, 0xb4, 0x32, 0xef, 0xbc,
  0x75, 0x58, 0x8b, 0x3c, 0xc9, 0x5e, 0xf6, 0x3c, 0xac, 0x0d, 0x49, 0xbd,
  0x52, 0x62, 0xad, 0xbd, 0x75, 0x0e, 0x7f, 0xbd, 0x24, 0xe1, 0x2a, 0x3e,
  0x40, 0x3d, 0x8c, 0xbe, 0x5d, 0x00, 0x5e, 0xbd, 0x74, 0xbc, 0x1c, 0x3e,
  0x43, 0xc3, 0x61, 0xbe, 0x10, 0xab, 0xf0, 0xbc, 0x39, 0x84, 0x32, 0x3e,
  0x8f, 0x8b, 0x80, 0x3e, 0x2e, 0xe2, 0x31, 0x3e, 0x05, 0xfb, 0x31, 0x3e,
  0xb0, 0x49, 0x95, 0x3d, 0x6d, 0x0c, 0xaa, 0xbc, 0x7c, 0x62, 0x26, 0xbc,
  0xf9, 0x76, 0xc1, 0x3c, 0x32, 0x88, 0xd1, 0xbd, 0x53, 0x3d, 0xf1, 0x3d,
  0xda, 0x08, 0x2b, 0x3e, 0xa2, 0x5e, 0x9e, 0xbe, 0x46, 0x02, 0x2c, 0x3e,
  0xc1, 0x00, 0xde, 0xbd, 0x65, 0xa0, 0x9f, 0xbd, 0x74, 0x52, 0x18, 0xbe,
  0x0d, 0xb9, 0x11, 0x3e, 0xbd, 0x14, 0x16, 0x3e, 0x16, 0x62, 0xa8, 0xbd,
  0xf5, 0xb6, 0xe4, 0xbc, 0x03, 0x11, 0x32, 0x3d, 0x82, 0x90, 0x61, 0x3d,
  0xe0, 0x59, 0x23, 0x3e, 0xca, 0xdb, 0x70, 0x3e, 0x8c, 0xc2, 0x7e, 0xbd,
  0x81, 0x39, 0x14, 0x3d, 0xf6, 0x85, 0x3f, 0x3d, 0x64, 0x52, 0x09, 0xbc,
  0xc6, 0x1d, 0x19, 0xbd, 0xd5, 0x72, 0xe6, 0x3d, 0x0d, 0x30, 0x2e, 0xbe,
  0x41, 0xc2, 0x71, 0xbe, 0x80, 0xd6, 0xcf, 0xbd, 0xf1, 0x26, 0x72, 0x3e,
  0x3a, 0xeb, 0xc0, 0xbe, 0xcc, 0xbd, 0x94, 0xbd, 0x26, 0xe9, 0x26, 0x3e,
  0xd9, 0x47, 0x2d, 0xbd, 0x34, 0xa0, 0xa3, 0xbd, 0x2b, 0x98, 0xd5, 0xbd,
  0x2c, 0x26, 0x2e, 0x3e, 0x81, 0xae, 0x16, 0xbe, 0x3a, 0x70, 0x5b, 0xbe,
  0xd7, 0xa1, 0xc1, 0x3d, 0xcb, 0x64, 0x8d, 0xbe, 0x10, 0x73, 0x3c, 0xbe,
  0x1d, 0xa8, 0x42, 0xbe, 0xa6, 0xdb, 0x18, 0xbe, 0x24, 0x39, 0x21, 0x3e,
  0x3e, 0x01, 0x13, 0x3e, 0x19, 0x03, 0x42, 0xbe, 0xcd, 0xc3, 0x3b, 0x3d,
  0xdf, 0xc5, 0xe2, 0xbd, 0x8a, 0xc9, 0xf6, 0x3c, 0x26, 0x88, 0x6e, 0x3d,
  0xda, 0x0f, 0x17, 0x3e, 0x0a, 0x86, 0x78, 0xbc, 0xd1, 0xff, 0x0b, 0xbe,
  0x3c, 0x4b, 0xbb, 0x3d, 0x8c, 0x63, 0x32, 0xbe, 0xf5, 0xd4, 0xce, 0xbd,
  0xb6, 0xd4, 0x48, 0x3e, 0x56, 0xa2, 0x7a, 0x3d, 0x67, 0x9a, 0x3d, 0xbd,
  0xc1, 0x5b, 0x3c, 0x3d, 0xad, 0x99, 0x9d, 0x3c, 0x19, 0x54, 0x22, 0xbe,
  0x78, 0xa9, 0xe7, 0x3d, 0xd0, 0xf8, 0xa2, 0x3d, 0xf2, 0x23, 0xa9, 0x3d,
  0x56, 0x70, 0x8d, 0x3e, 0x76, 0xb6, 0x82, 0xbd, 0x72, 0x9b, 0xe9, 0x3c,
  0x72, 0x59, 0xb3, 0xbe, 0xa2, 0x02, 0xaf, 0x3d, 0xe3, 0x5b, 0x25, 0x3d,
  0x0e, 0xed, 0xa2, 0xbe, 0x64, 0x60, 0x28, 0xbe, 0xfd, 0x03, 0xca, 0xbd,
  0x91, 0x7f, 0x97, 0xbe, 0x51, 0xd6, 0x5a, 0x3e, 0x1b, 0x7f, 0x19, 0xbe,
  0x5a, 0xd7, 0xc1, 0xbd, 0x60, 0x37, 0x34, 0xbd, 0x2c, 0xa6, 0xb5, 0xbd,
  0x7d, 0x57, 0x36, 0x3e, 0xdf, 0xcc, 0x5f, 0x3e, 0xde, 0xe4, 0x26, 0xbe,
  0x9c, 0x55, 0x56, 0xbd, 0xfe, 0x0e, 0x61, 0x3d, 0xe4, 0xad, 0x34, 0xbe,
  0xea, 0x1d, 0x91, 0x3e, 0xa9, 0xb4, 0x1a, 0xbe, 0x8c, 0x7e, 0x6b, 0xbb,
  0x4e, 0xd9, 0x45, 0x3e, 0x4d, 0x7b, 0xae, 0x3d, 0x86, 0x62, 0xd8, 0xbd,
  0x1d, 0x27, 0x8d, 0xbe, 0xa7, 0x18, 0x7c, 0xbd, 0x68, 0x3f, 0x24, 0x3e,
  0x9a, 0x26, 0xdc, 0x3d, 0xa2, 0x34, 0x5e, 0x3c, 0x3d, 0x68, 0x16, 0xbd,
  0x1c, 0xa1, 0xfd, 0xbd, 0x47, 0xa2, 0x8c, 0xbe, 0x47, 0x45, 0x93, 0x3d,
  0x60, 0x4f, 0x3b, 0xbe, 0x6d, 0x3b, 0x83, 0x3e, 0x63, 0xfa, 0x51, 0xbd,
  0xeb, 0x4f, 0x2d, 0x3e, 0x85, 0x57, 0x58, 0x3e, 0x82, 0x46, 0x1c, 0xbb,
  0x61, 0x26, 0x50, 0x3a, 0x9c, 0x2a, 0x8a, 0xbe, 0x75, 0xdc, 0x25, 0xbe,
  0x2b, 0x13, 0xbd, 0x3d, 0x7b, 0xd1, 0x21, 0xbd, 0x23, 0x17, 0x07, 0x3e,
  0x46, 0x9d, 0xdb, 0x3d, 0x51, 0x98, 0xba, 0xbe, 0x5f, 0x9a, 0x13, 0xbe,
  0xd4, 0x0d, 0x18, 0x3e, 0x27, 0x54, 0x0e, 0x3e, 0xe3, 0xda, 0x1d, 0x3e,
  0x24, 0xde, 0x6f, 0xbd, 0x1b, 0x44, 0xa3, 0x3e, 0xc3, 0x21, 0xb2, 0xbc,
  0x60, 0x9f, 0x3a, 0x3e, 0x9b, 0x30, 0x46, 0x3e, 0xaa, 0x5d, 0xfa, 0xbb,
  0x47, 0x97, 0x05, 0x3e, 0x9f, 0xf1, 0x37, 0xbe, 0xb3, 0x08, 0x23, 0x3e,
  0x67, 0x19, 0x11, 0x3e, 0xfa, 0x3f, 0x61, 0x3d, 0xf0, 0xfd, 0xd9, 0xbd,
  0x99, 0x8d, 0x20, 0xbe, 0x01, 0x42, 0x1b, 0xbe, 0xcb, 0x14, 0x53, 0xbe,
  0x89, 0x54, 0x3d, 0xbd, 0xf4, 0x89, 0x13, 0xbd, 0xae, 0x0e, 0xb4, 0x3d,
  0x36, 0x1a, 0x7e, 0xbd, 0x0f, 0x25, 0xb0, 0xbc, 0xa5, 0x7f, 0x40, 0x3c,
  0xbc, 0xbd, 0x8a, 0x3c, 0x2a, 0xf0, 0x7a, 0xbd, 0xe3, 0xfb, 0x33, 0xbd,
  0x4f, 0xa3, 0x32, 0xbe, 0xcc, 0xdc, 0xdd, 0x3c, 0x7e, 0x21, 0xf8, 0x3d,
  0xbe, 0xf1, 0x3c, 0x3d, 0xb5, 0xee, 0x46, 0x3e, 0x48, 0x78, 0x4d, 0xbe,
  0x9c, 0xfe, 0x01, 0x3d, 0x83, 0x9d, 0xe9, 0xbc, 0xd9, 0x1d, 0x39, 0xbc,
  0x6a, 0xad, 0xb4, 0x3d, 0x3a, 0x6d, 0xf9, 0xbd, 0x93, 0x11, 0x4f, 0xbe,
  0xd1, 0xc2, 0x56, 0xbe, 0x3b, 0x6e, 0x2e, 0xbe, 0x95, 0x80, 0xe3, 0xbd,
  0x1e, 0xf9, 0x01, 0x3e, 0xc1, 0x29, 0xff, 0xbd, 0x2e, 0x8e, 0x97, 0x3d,
  0xa1, 0x09, 0xd5, 0x3d, 0x3f, 0xf2, 0x7b, 0xbc, 0x3a, 0x8b, 0xeb, 0xbd,
  0x02, 0x59, 0x3b, 0xbe, 0xe3, 0xe2, 0x02, 0x3e, 0x84, 0x52, 0x1c, 0x3c,
  0xe8, 0x8f, 0xf7, 0xbc, 0x13, 0xc7, 0xb5, 0xbc, 0x3e, 0x76, 0xc9, 0x3d,
  0xde, 0x33, 0xa4, 0xbd, 0xe9, 0xd9, 0x9f, 0xbd, 0xa2, 0x65, 0xa3, 0xbb,
  0x37, 0xa2, 0x9f, 0xbd, 0x80, 0xaf, 0x91, 0x3e, 0x95, 0x5d, 0x3f, 0xbe,
  0xb3, 0x03, 0xf8, 0x3d, 0xc1, 0x9f, 0xfd, 0xbd, 0x36, 0x00, 0x9b, 0x3d,
  0xa0, 0x5c, 0x96, 0xbd, 0x54, 0xa7, 0x64, 0xbd, 0xfc, 0x38, 0xb6, 0x3d,
  0xa4, 0x1c, 0xf9, 0x3d, 0xc0, 0xae, 0x3b, 0x3e, 0x7b, 0xb7, 0x71, 0x3d,
  0xdb, 0xdf, 0x1c, 0x3e, 0x4a, 0xfc, 0xbf, 0x3d, 0x9c, 0x2f, 0x05, 0xbf,
  0x7e, 0x9c, 0x2f, 0xbe, 0xc5, 0xd7, 0x52, 0xbe, 0xbe, 0xf1, 0x0d, 0x3e,
  0x69, 0xd6, 0xeb, 0xbd, 0x74, 0xc7, 0xe3, 0x3c, 0x88, 0xfa, 0x5c, 0x3e,
  0xa3, 0xad, 0xf2, 0x3a, 0xfd, 0x07, 0xc8, 0x3d, 0xfe, 0x55, 0x5c, 0xbd,
  0x5f, 0x77, 0xf7, 0x3d, 0xcc, 0xd5, 0x29, 0xbd, 0x4e, 0x0e, 0xbc, 0xbd,
  0x9b, 0x0a, 0xba, 0xbe, 0xf5, 0xbd, 0x57, 0x3c, 0x51, 0xfe, 0xd9, 0xbd,
  0xd8, 0x5a, 0x58, 0xbd, 0x13, 0x20, 0xe7, 0xbd, 0xa2, 0x43, 0x90, 0x3d,
  0x7c, 0x0a, 0x8a, 0xbd, 0x38, 0xb1, 0x10, 0xbe, 0x59, 0xa3, 0xba, 0xbd,
  0xee, 0x8a, 0x1f, 0xbd, 0x54, 0x85, 0x63, 0x3e, 0x33, 0xb1, 0xbe, 0xbd,
  0xc0, 0xc4, 0x88, 0xbd, 0x40, 0xe6, 0x23, 0x3e, 0x4f, 0x2c, 0xc5, 0xbc,
  0x61, 0x2e, 0x2d, 0xbe, 0xc0, 0x1d, 0x27, 0xbe, 0x92, 0x5b, 0xe9, 0xbc,
  0x90, 0xc6, 0x0a, 0xbe, 0x3b, 0x60, 0x27, 0xbe, 0x32, 0x77, 0x4a, 0xbd,
  0x54, 0xda, 0x34, 0xbd, 0x75, 0xe3, 0x08, 0xbd, 0x83, 0x6c, 0x33, 0xbe,
  0x5a, 0xdd, 0x0b, 0xbe, 0x54, 0x49, 0x69, 0xbe, 0x44, 0x22, 0x04, 0xbd,
  0x1a, 0x8d, 0xd0, 0x3c, 0xf9, 0x28, 0xef, 0xbe, 0x9a, 0x84, 0x76, 0xbe,
  0x25, 0x86, 0x8c, 0xbe, 0x51, 0x09, 0x04, 0x3e, 0x7f, 0xc3, 0xa3, 0xbc,
  0x7c, 0x9b, 0xd3, 0xbd, 0x7e, 0x8b, 0x78, 0xbe, 0x4c, 0x08, 0x10, 0x3e,
  0x08, 0x4e, 0xb5, 0x3d, 0xb2, 0x8f, 0x02, 0x3d, 0xf9, 0x63, 0xa1, 0x3e,
  0xa3, 0x33, 0x5c, 0x3e, 0xbe, 0xe9, 0x09, 0xbe, 0xa2, 0x04, 0x26, 0xbe,
  0xbd, 0x5d, 0xe5, 0xbd, 0xae, 0xf6, 0x33, 0x3e, 0x93, 0x31, 0xad, 0xbe,
  0xdd, 0x02, 0xcb, 0xbd, 0x4a, 0xe1, 0x61, 0xbe, 0x59, 0xfd, 0x5c, 0x3e,
  0x4b, 0xee, 0xb5, 0x3d, 0x9d, 0x34, 0x4a, 0xbe, 0xe4, 0xbe, 0xb9, 0xbd,
  0xfc, 0x38, 0x3b, 0x3e, 0x0a, 0xf2, 0x9f, 0xbc, 0x7e, 0xfe, 0x1c, 0xbe,
  0x1f, 0x2d, 0xa3, 0x3e, 0xd6, 0xe7, 0xcb, 0xbd, 0x3d, 0x4c, 0x76, 0x3c,
  0x1e, 0xb1, 0xa9, 0xbe, 0xd2, 0xc5, 0x10, 0xbe, 0x3b, 0xc4, 0xbf, 0x3d,
  0xd3, 0x09, 0x2a, 0xbe, 0xa1, 0x6c, 0xfa, 0x3c, 0xc8, 0x78, 0x16, 0x3e,
  0xbf, 0x81, 0x25, 0x3d, 0x08, 0x00, 0xe2, 0xbd, 0x86, 0x9d, 0x1f, 0x3d,
  0x84, 0xe5, 0x5a, 0x3e, 0x34, 0xc0, 0x83, 0x3e, 0x95, 0x6b, 0x1f, 0xbe,
  0x3b, 0x7a, 0x8a, 0xbd, 0x53, 0x23, 0x70, 0x3c, 0xff, 0x52, 0x88, 0xbe,
  0xa6, 0xbe, 0x84, 0x3d, 0x24, 0xe3, 0x04, 0xbe, 0x8c, 0xb2, 0x15, 0x3d,
  0x04, 0xf8, 0x94, 0xbe, 0xd2, 0x50, 0x30, 0xbe, 0x16, 0xd6, 0x49, 0x3d,
  0xe3, 0x53, 0x06, 0x3e, 0xef, 0x8f, 0xa6, 0x3d, 0xae, 0xca, 0x8a, 0xbd,
  0x61, 0x24, 0x6a, 0xbd, 0x7b, 0xca, 0xf7, 0x3d, 0x18, 0xf3, 0xfa, 0x3d,
  0xfc, 0xd4, 0x8b, 0xbe, 0x78, 0xdc, 0x25, 0xbe, 0x75, 0x6b, 0x3f, 0x3d,
  0xb6, 0xd8, 0x0e, 0x3d, 0x01, 0xa6, 0xaf, 0x3d, 0xd9, 0xa0, 0x16, 0xbe,
  0xf6, 0xb4, 0x96, 0xbe, 0x98, 0xc4, 0x2e, 0xbd, 0xd0, 0x91, 0x24, 0xbe,
  0xf5, 0x2f, 0x23, 0xbe, 0xcf, 0x95, 0x47, 0x3e, 0x30, 0x87, 0x1b, 0xbe,
  0x67, 0x3d, 0xa6, 0xbc, 0x57, 0x24, 0x9c, 0xbe, 0x58, 0x85, 0x19, 0x3e,
  0x75, 0x58, 0x63, 0x3c, 0x74, 0x23, 0x81, 0x3d, 0x5b, 0x65, 0x06, 0xbe,
  0x29, 0xb5, 0x89, 0x3e, 0x1f, 0x81, 0x81, 0x3e, 0xd5, 0xe1, 0x6e, 0x3c,
  0x0c, 0x8b, 0x26, 0xbe, 0xc0, 0x09, 0x77, 0xbe, 0x19, 0x93, 0x97, 0x3d,
  0xb3, 0xb4, 0x75, 0xbe, 0x09, 0x69, 0x9e, 0xbe, 0xde, 0x16, 0x19, 0x3e,
  0x45, 0x54, 0xf7, 0xbd, 0x69, 0xf0, 0xb2, 0xbd, 0xb7, 0x44, 0x83, 0xbe,
  0xdb, 0x35, 0x86, 0x3d, 0xba, 0xf7, 0xdd, 0x3e, 0xe6, 0xc8, 0x23, 0xbd,
  0xee, 0x06, 0x11, 0xbe, 0x7f, 0x82, 0x78, 0x3d, 0xe7, 0x26, 0x81, 0x3e,
  0x7c, 0xbd, 0x00, 0x3e, 0xe6, 0xef, 0x1e, 0xbe, 0x39, 0x99, 0x76, 0x3e,
  0xa5, 0xc5, 0xc7, 0x3d, 0x1b, 0xd0, 0x92, 0xbd, 0x94, 0x07, 0xf4, 0x3b,
  0xc1, 0xa9, 0xdd, 0xbd, 0xe1, 0x1d, 0x1b, 0xbd, 0xb1, 0x10, 0x87, 0xbe,
  0x14, 0x18, 0x88, 0xbe, 0x56, 0xfa, 0x70, 0x3d, 0x43, 0x69, 0x56, 0x3e,
  0x47, 0xab, 0x65, 0x3e, 0x6d, 0xd5, 0xde, 0xbd, 0xb8, 0x89, 0xbf, 0xbc,
  0x92, 0xec, 0x77, 0xbe, 0x1d, 0x01, 0xbc, 0x3d, 0x6f, 0xeb, 0x00, 0xbe,
  0xae, 0x1b, 0xdc, 0xbd, 0x52, 0x5b, 0xb4, 0x3d, 0x3a, 0x2b, 0x40, 0xbe,
  0x67, 0x90, 0x50, 0x3e, 0xae, 0x79, 0x00, 0xbe, 0xc8, 0xb0, 0x53, 0xbe,
  0xa0, 0xe2, 0x31, 0xbe, 0x1b, 0x24, 0x0e, 0xbe, 0x0b, 0x63, 0xa6, 0xbd,
  0xa7, 0x52, 0x5a, 0x3c, 0x71, 0x65, 0x12, 0xbe, 0x9b, 0xa1, 0xe3, 0xbd,
  0xf1, 0x33, 0x0a, 0xbe, 0x53, 0x93, 0x29, 0xbe, 0x51, 0x71, 0x8a, 0xbe,
  0x44, 0xa4, 0x3b, 0xbd, 0x39, 0x4a, 0x79, 0x3d, 0x15, 0x1a, 0x1d, 0x3e,
  0x52, 0x1d, 0x11, 0xbe, 0x1d, 0xa0, 0x6c, 0xbe, 0xe7, 0x2a, 0x38, 0xbc,
  0xad, 0x89, 0x94, 0xba, 0xaf, 0x67, 0x45, 0x3e, 0x28, 0x49, 0x97, 0x3d,
  0x68, 0xb6, 0x8f, 0x3e, 0x66, 0xfe, 0x23, 0xbe, 0xea, 0x98, 0x01, 0xbe,
  0xa5, 0x48, 0x0f, 0x3d, 0x7a, 0x77, 0x34, 0x3e, 0xa3, 0x11, 0xc6, 0x3d,
  0x16, 0x79, 0x26, 0xbc, 0xa4, 0x80, 0xb5, 0x3d, 0xb1, 0x6a, 0xf5, 0x3d,
  0x97, 0xa9, 0x32, 0x3e, 0x98, 0x41, 0x31, 0xbe, 0xd5, 0x91, 0x8d, 0xbc,
  0x4f, 0xe4, 0xbc, 0x3c, 0x43, 0x84, 0xe4, 0x3b, 0x30, 0x5f, 0xb3, 0x3c,
  0x52, 0xf0, 0xe9, 0x3c, 0xdf, 0x33, 0x18, 0xbe, 0xc3, 0x11, 0xe2, 0xbd,
  0x09, 0x83, 0x36, 0x3e, 0x2a, 0x7b, 0x03, 0x3e, 0x35, 0xad, 0x3f, 0x3e,
  0xb1, 0x3b, 0xa6, 0x3d, 0xf4, 0x08, 0xb8, 0x3e, 0xe5, 0xa4, 0xfe, 0x3d,
  0x23, 0xfd, 0x19, 0x3d, 0xd6, 0x18, 0x80, 0x3d, 0xa9, 0x7b, 0x1e, 0xbe,
  0xad, 0x91, 0x1e, 0x3d, 0x8d, 0x3e, 0x3a, 0x3e, 0x94, 0xac, 0xf0, 0x3c,
  0x2d, 0x61, 0x42, 0xbe, 0x42, 0x8d, 0xe6, 0x3d, 0xd4, 0x55, 0x1f, 0x3c,
  0x5e, 0xd5, 0x85, 0xbb, 0x31, 0x02, 0xde, 0x3d, 0x45, 0xc8, 0xf5, 0x3c,
  0x13, 0xde, 0x0a, 0x3e, 0xdb, 0x8f, 0xf1, 0xbd, 0x40, 0xfc, 0x74, 0x3e,
  0x56, 0x53, 0x5a, 0x3e, 0x7e, 0x98, 0xc3, 0xbc, 0xb9, 0xed, 0x89, 0x3c,
  0x72, 0xf1, 0x6f, 0xbe, 0xf2, 0x37, 0x11, 0x3e, 0x03, 0x41, 0x0b, 0x3e,
  0x64, 0x63, 0x63, 0xbe, 0xc9, 0x2a, 0x89, 0xbe, 0x81, 0xa4, 0x82, 0xbd,
  0x49, 0x20, 0x60, 0xbd, 0x5f, 0x81, 0xf8, 0xbd, 0x05, 0xc3, 0xbf, 0x3c,
  0x7a, 0xd7, 0xfd, 0x3b, 0xf1, 0x00, 0x06, 0xbd, 0xa6, 0x1c, 0x36, 0x3c,
  0xa9, 0x82, 0x2c, 0x3e, 0x1a, 0x0a, 0x8e, 0xbd, 0xb1, 0xc9, 0x18, 0xbe,
  0xea, 0x6e, 0x08, 0xbe, 0xb6, 0x96, 0x0f, 0xbe, 0x94, 0xe2, 0x90, 0x3d,
  0x78, 0x7e, 0xec, 0xbd, 0xdf, 0xc5, 0x8a, 0x3e, 0xd4, 0x9c, 0xda, 0x3d,
  0x9f, 0x85, 0x04, 0x3d, 0xac, 0x78, 0x2a, 0x3d, 0x54, 0xb8, 0x21, 0xbb,
  0xf8, 0xe2, 0x2f, 0x3e, 0x84, 0xd9, 0xe6, 0x3b, 0xf7, 0x4b, 0x25, 0xbe,
  0x1b, 0x52, 0x4c, 0x3e, 0x03, 0x2b, 0x2f, 0x3e, 0xc2, 0x56, 0x1d, 0x3e,
  0x0b, 0xa7, 0x25, 0x3e, 0x0a, 0x6d, 0xf9, 0xbd, 0x20, 0x02, 0x27, 0x3e,
  0xa7, 0xd7, 0x64, 0x3d, 0x35, 0x85, 0x37, 0x3e, 0xb6, 0x66, 0x46, 0xbe,
  0x14, 0x5b, 0xdf, 0xbd, 0xa7, 0x7c, 0xea, 0x3d, 0x18, 0xd3, 0x2d, 0xbd,
  0xa4, 0x1f, 0x1d, 0xbe, 0xb3, 0x34, 0x59, 0xbd, 0x1f, 0xa3, 0x22, 0xbe,
  0x73, 0x4e, 0xc3, 0x3d, 0x19, 0xc1, 0xa3, 0x3d, 0xdf, 0xb6, 0x88, 0xbd,
  0x3e, 0xed, 0xd3, 0xbd, 0xdb, 0xd3, 0xe8, 0xbc, 0x2f, 0x00, 0x5b, 0x3e,
  0x06, 0x54, 0x97, 0x3d, 0xa4, 0xa5, 0x41, 0xbd, 0x81, 0x1a, 0x78, 0x3d,
  0x6c, 0x1a, 0x0a, 0xbe, 0xce, 0x18, 0x8e, 0xbd, 0x21, 0x78, 0x00, 0xbe,
  0xaa, 0x88, 0xd8, 0xbb, 0xbe, 0xad, 0x4e, 0x3a, 0x5f, 0x0c, 0x97, 0xbd,
  0x25, 0xf4, 0x60, 0xbe, 0x10, 0x47, 0xde, 0xbd, 0xe9, 0x4f, 0x54, 0x3d,
  0x33, 0x9e, 0xe2, 0x3c, 0xe4, 0x35, 0x06, 0xbd, 0x70, 0x07, 0x74, 0x3d,
  0x97, 0x20, 0x53, 0x3e, 0x3e, 0xb4, 0x17, 0xbd, 0x69, 0x18, 0x36, 0x3e,
  0xfa, 0xae, 0xb5, 0x3d, 0xad, 0xa4, 0x36, 0x3e, 0xa3, 0x05, 0x4a, 0xbe,
  0xa3, 0xb8, 0x3a, 0x3e, 0x44, 0xb4, 0x5e, 0x3d, 0x5b, 0x49, 0x91, 0xbd,
  0x9a, 0x8a, 0x5b, 0xbe, 0xfc, 0x65, 0xca, 0x3d, 0x57, 0x75, 0x7d, 0xbb,
  0x5d, 0xaa, 0x4c, 0x3d, 0xab, 0xfc, 0xaa, 0x3d, 0x9f, 0xf2, 0x26, 0x3e,
  0x63, 0xda, 0x43, 0x3d, 0xce, 0x77, 0x36, 0xbe, 0xbd, 0x57, 0x27, 0x3e,
  0xfc, 0xea, 0x01, 0x3e, 0x8d, 0x60, 0x73, 0x3e, 0x6a, 0x6b, 0x8c, 0x3c,
  0x68, 0x1c, 0x62, 0xbd, 0xe2, 0xa1, 0x39, 0x3e, 0x9f, 0x64, 0x91, 0xbd,
  0xb5, 0x46, 0xb2, 0xbc, 0x35, 0xc3, 0x43, 0x3e, 0xa9, 0xd0, 0xb5, 0xbc,
  0x53, 0x86, 0x49, 0xbe, 0xb6, 0xc2, 0xc9, 0x3b, 0xbd, 0xc8, 0x5f, 0xbd,
  0xa5, 0x59, 0x8a, 0x3e, 0xb2, 0x19, 0x87, 0xbd, 0x44, 0x1e, 0x67, 0x3c,
  0xc2, 0xdd, 0x3e, 0x3e, 0x0c, 0x1f, 0x0e, 0x3d, 0x82, 0x8a, 0x86, 0x3e,
  0xdb, 0x2b, 0xa2, 0x3e, 0x51, 0x32, 0xed, 0x3d, 0x37, 0x2b, 0xdb, 0x3d,
  0x5e, 0x8d, 0x44, 0xbe, 0x8a, 0x4f, 0x9b, 0xbd, 0x00, 0x6c, 0xc6, 0xbd,
  0xd9, 0xba, 0x65, 0x3c, 0xc3, 0xd0, 0x49, 0xbe, 0x42, 0x31, 0xde, 0xbd,
  0x0e, 0x05, 0x21, 0x3e, 0xee, 0x23, 0x1c, 0x3e, 0xdb, 0xba, 0x93, 0x3d,
  0xc3, 0xfd, 0x0d, 0x3e, 0xb9, 0x30, 0x78, 0x3e, 0x60, 0x15, 0x19, 0xbd,
  0x36, 0xd2, 0x48, 0xbd, 0x8f, 0x77, 0x44, 0x3e, 0x90, 0xcd, 0x49, 0x3e,
  0x26, 0x85, 0xad, 0x3d, 0x8d, 0xb9, 0x2e, 0xbe, 0xde, 0x0e, 0x45, 0xbd,
  0x22, 0xce, 0x4e, 0xbe, 0x7b, 0x72, 0xae, 0xbc, 0x1f, 0xe9, 0x23, 0x3e,
  0x5e, 0xf9, 0xd8, 0x3d, 0xf6, 0x88, 0xde, 0x3c, 0xf4, 0xbe, 0x43, 0x3e,
  0x21, 0x79, 0x6a, 0x3e, 0x9b, 0x6f, 0x3a, 0xbe, 0x27, 0xa5, 0xe6, 0xbd,
  0x07, 0x3d, 0x34, 0x3e, 0xe9, 0xaa, 0x4b, 0xbe, 0x9c, 0x13, 0x97, 0x3d,
  0x01, 0x7c, 0xab, 0x3d, 0x13, 0x9b, 0x61, 0xbd, 0xac, 0xce, 0x40, 0xbd,
  0x23, 0x66, 0x84, 0x3c, 0x66, 0xf0, 0x03, 0x3d, 0xa0, 0x46, 0x88, 0x3d,
  0x8e, 0xbe, 0x18, 0xbe, 0x63, 0xed, 0xf0, 0xbd, 0x85, 0xbb, 0x6e, 0x3e,
  0x01, 0x57, 0xbf, 0x3e, 0x32, 0x34, 0x38, 0x3d, 0x76, 0x8c, 0x98, 0x3d,
  0x30, 0x4a, 0x21, 0x3e, 0x51, 0x39, 0x24, 0x3e, 0xdf, 0x49, 0x87, 0xbe,
  0x4a, 0xe4, 0xd0, 0x3e, 0x8c, 0x86, 0x5c, 0xbb, 0x23, 0x61, 0x10, 0x3e,
  0xca, 0x6f, 0x12, 0xbe, 0x63, 0xfe, 0xb4, 0xbd, 0xa8, 0x26, 0xe1, 0x3d,
  0x13, 0x9e, 0x0f, 0x3d, 0xe2, 0xe8, 0x2a, 0x3c, 0x85, 0xd2, 0xe9, 0x3d,
  0x7b, 0xf1, 0x83, 0xbd, 0x07, 0x6b, 0xc2, 0xbd, 0x9f, 0xa5, 0xa7, 0x3d,
  0x00, 0x81, 0x07, 0xbd, 0x21, 0xa5, 0x3f, 0xbd, 0x53, 0xf0, 0x47, 0xbe,
  0xd6, 0x31, 0x62, 0x3d, 0xb7, 0x94, 0x21, 0x3d, 0xbf, 0x27, 0x12, 0x3e,
  0x0a, 0x0a, 0x00, 0x3e, 0x42, 0xa5, 0x15, 0xbe, 0xf4, 0xab, 0x85, 0xbe,
  0xc0, 0x85, 0xf9, 0x3d, 0xb0, 0x9a, 0x8d, 0xbd, 0x9c, 0x3f, 0xb2, 0xbd,
  0xc5, 0x54, 0x1c, 0xbe, 0x37, 0x41, 0x87, 0xbc, 0x7a, 0xb4, 0x71, 0x3e,
  0x62, 0x71, 0xda, 0x3d, 0x22, 0x61, 0x4c, 0x3e, 0x1d, 0xdc, 0x2d, 0xbe,
  0x47, 0x34, 0x2f, 0x3e, 0xae, 0x17, 0xee, 0xbd, 0x5e, 0x77, 0xbb, 0x3d,
  0x78, 0x05, 0xed, 0x3d, 0x8c, 0xa4, 0x26, 0x3d, 0x54, 0x3e, 0xf7, 0xbd,
  0x39, 0x3a, 0x00, 0x3e, 0x12, 0x91, 0x2b, 0x3e, 0x4b, 0xc7, 0xad, 0x3d,
  0x24, 0xb1, 0x1d, 0xbd, 0x32, 0xf8, 0x15, 0xbe, 0x31, 0x84, 0x05, 0x3e,
  0xb8, 0x23, 0xa5, 0xbd, 0xa0, 0xe9, 0x14, 0x3e, 0xfe, 0x44, 0x65, 0x3e,
  0xd9, 0x04, 0x3f, 0xbc, 0x1c, 0x49, 0x88, 0x3e, 0x55, 0x27, 0x1c, 0x3e,
  0xe2, 0x5f, 0x73, 0x3e, 0xf5, 0xe4, 0x3a, 0x3e, 0xd4, 0xac, 0xe2, 0x3c,
  0xa5, 0x12, 0x98, 0x3e, 0x12, 0x73, 0xb7, 0xbd, 0x24, 0xe0, 0x2e, 0x3e,
  0xf0, 0x2d, 0x2f, 0x3e, 0x8b, 0x01, 0x50, 0xbd, 0x9a, 0x94, 0x2c, 0x3d,
  0x5b, 0x00, 0xcf, 0xbc, 0x78, 0x3f, 0xde, 0x3c, 0x27, 0xc4, 0x3f, 0x3e,
  0xa4, 0x5d, 0xd2, 0x3d, 0xc7, 0xdb, 0x6a, 0x3e, 0x65, 0x47, 0x48, 0x3e,
  0x90, 0x8f, 0x59, 0xbc, 0x79, 0x09, 0x62, 0xbe, 0xba, 0xcd, 0x8c, 0x3e,
  0x45, 0x3a, 0x27, 0x3e, 0x41, 0x77, 0x2d, 0x3e, 0x6e, 0xb0, 0xac, 0xbd,
  0x20, 0xe4, 0x5e, 0x3e, 0x75, 0x3d, 0x64, 0xbe, 0x7c, 0x8b, 0x48, 0xbe,
  0x2f, 0x93, 0x3f, 0x3d, 0x6b, 0xef, 0xd5, 0x3c, 0x13, 0x78, 0xac, 0x3c,
  0x25, 0x06, 0xdc, 0xbd, 0xcd, 0x85, 0x1a, 0xbe, 0x2a, 0x68, 0x34, 0x3e,
  0xd3, 0x7d, 0x86, 0x3d, 0x97, 0x17, 0x76, 0x3e, 0x6f, 0x70, 0x02, 0xbd,
  0xd1, 0x94, 0xd2, 0xbd, 0xa6, 0x70, 0x17, 0x3e, 0xe1, 0x61, 0xd0, 0x3d,
  0x81, 0x7a, 0x04, 0x3e, 0xef, 0x0a, 0x48, 0xbd, 0x1c, 0x27, 0x48, 0xbe,
  0x52, 0xa6, 0xef, 0x3d, 0x9f, 0x00, 0x56, 0x3d, 0x53, 0x14, 0x8e, 0xbd,
  0x1e, 0x96, 0xb8, 0xbd, 0x5d, 0x3a, 0xa2, 0xbc, 0x02, 0xa2, 0xd4, 0xbb,
  0xa5, 0x27, 0xb5, 0x3d, 0xdf, 0x2c, 0x88, 0xbd, 0xd5, 0x2d, 0xdf, 0x3d,
  0x21, 0x2c, 0x5f, 0x3d, 0xb7, 0xd9, 0x3c, 0x3e, 0x38, 0x38, 0x9f, 0x3c,
  0xbd, 0x04, 0xd1, 0xbc, 0x4b, 0xd7, 0xa0, 0x3e, 0x65, 0x93, 0x22, 0x3d,
  0x72, 0x01, 0x80, 0xbe, 0xda, 0xe8, 0x8d, 0xbe, 0xbd, 0xc4, 0x88, 0x3d,
  0x2c, 0xbc, 0xb3, 0x3c, 0x20, 0x9a, 0x9f, 0x3e, 0xc1, 0xc0, 0xb4, 0x3d,
  0x27, 0x36, 0xed, 0x3d, 0x88, 0xc0, 0xe6, 0xbd, 0x46, 0x77, 0x0a, 0x3d,
  0x2e, 0x35, 0x10, 0xbd, 0xe1, 0xf3, 0x2f, 0x3e, 0xee, 0xed, 0x26, 0xbe,
  0xa9, 0x17, 0x9c, 0xbc, 0x2d, 0xa2, 0xe8, 0xbc, 0x2b, 0x7b, 0x58, 0x3e,
  0xfe, 0xd9, 0xc3, 0x3d, 0x3b, 0x39, 0x9b, 0xbe, 0x0f, 0x69, 0x8b, 0xbe,
  0xbe, 0x7d, 0xad, 0x3c, 0xab, 0xbc, 0x87, 0xbe, 0x47, 0xcc, 0x09, 0x3e,
  0xf7, 0x35, 0x56, 0x3e, 0xee, 0x4d, 0xf5, 0x3d, 0x54, 0xc3, 0x96, 0xbd,
  0x2a, 0xf1, 0xad, 0x3d, 0xca, 0xb4, 0x1e, 0xbf, 0xa4, 0x14, 0x1b, 0xbd,
  0x8b, 0x72, 0x1d, 0x3e, 0x46, 0xd7, 0x95, 0x3c, 0x93, 0x47, 0x6c, 0xbe,
  0x82, 0x6c, 0x18, 0x3e, 0x75, 0xd5, 0x43, 0x3e, 0x66, 0x72, 0xde, 0x3c,
  0x36, 0x48, 0xa9, 0xbe, 0xed, 0x20, 0xfe, 0x3c, 0xae, 0xbc, 0xbd, 0xbd,
  0x96, 0x48, 0x84, 0x3e, 0x89, 0xa3, 0xdf, 0xbd, 0xb6, 0x27, 0x6e, 0x3e,
  0x81, 0xa6, 0x44, 0xbc, 0xdd, 0xb3, 0xef, 0x3d, 0xe7, 0x33, 0xec, 0xbe,
  0xbc, 0x17, 0x2c, 0xbd, 0x14, 0xe5, 0x14, 0xbe, 0xbb, 0x1b, 0xe1, 0x3c,
  0x07, 0x4d, 0xe6, 0xbe, 0xbf, 0x5a, 0x10, 0x3e, 0xa3, 0x39, 0xda, 0x3d,
  0xdd, 0x6c, 0x3b, 0x3e, 0x8a, 0x69, 0x17, 0xbb, 0xde, 0x10, 0xae, 0x3d,
  0x2b, 0x8f, 0x25, 0x3e, 0x84, 0x2e, 0x7a, 0x3d, 0xe3, 0xb4, 0xdc, 0x3d,
  0x54, 0x7b, 0xc6, 0xbc, 0xbd, 0x6e, 0xac, 0xbd, 0x75, 0xf9, 0xfd, 0x3d,
  0x7b, 0x81, 0x37, 0x3e, 0x64, 0x02, 0x82, 0x3d, 0x84, 0x74, 0x01, 0xbe,
  0xb7, 0xd9, 0xb6, 0xbc, 0x29, 0x8d, 0x84, 0xbc, 0x7c, 0x59, 0x4a, 0x3d,
  0xbf, 0x83, 0x54, 0x3c, 0xec, 0x4f, 0x03, 0xbd, 0xe8, 0xa3, 0x7c, 0x3e,
  0x08, 0x0b, 0x44, 0xbe, 0xe2, 0x7a, 0x71, 0x3e, 0x65, 0xc5, 0x3a, 0xbe,
  0x10, 0x6e, 0xd9, 0x3c, 0x93, 0x2f, 0x22, 0xbe, 0x19, 0x78, 0xb3, 0xbd,
  0x56, 0xdf, 0x2c, 0x3e, 0xad, 0xa3, 0xc0, 0xbd, 0x9e, 0x4a, 0xe6, 0x3d,
  0x96, 0xb2, 0xd7, 0xbc, 0xeb, 0x9e, 0x0e, 0xbd, 0x69, 0x1e, 0x37, 0xbd,
  0x3a, 0x3a, 0x82, 0x3d, 0xf4, 0xc1, 0x1b, 0xbe, 0x49, 0x28, 0x8b, 0x3d,
  0xe9, 0xab, 0x06, 0x3e, 0x35, 0xd6, 0x1c, 0xbe, 0xa4, 0x82, 0x3c, 0x3e,
  0x0e, 0x45, 0x06, 0x3e, 0xa9, 0x08, 0xc7, 0xbc, 0x9f, 0x5e, 0xe5, 0x3d,
  0xe5, 0x2e, 0x04, 0xbc, 0x32, 0xdc, 0x77, 0xbd, 0xf9, 0x64, 0xfa, 0x3c,
  0x66, 0x78, 0xc0, 0x3c, 0x1b, 0x9b, 0x24, 0x3e, 0x69, 0x1c, 0x62, 0xbe,
  0xd0, 0xe2, 0x6c, 0xbe, 0x46, 0xbc, 0x43, 0xbe, 0xe7, 0x2d, 0x4c, 0x3e,
  0x09, 0xd4, 0x3d, 0x3d, 0xb3, 0x95, 0xdf, 0xbb, 0x5a, 0xab, 0xc1, 0xbe,
  0x34, 0x07, 0x7c, 0xbe, 0xa9, 0xd5, 0x14, 0xbe, 0x12, 0x03, 0x5c, 0xbe,
  0xf2, 0x14, 0x82, 0xbd, 0x2a, 0x7c, 0xfe, 0xbe, 0xba, 0x44, 0x27, 0xbe,
  0x20, 0x73, 0x68, 0xbd, 0x26, 0x64, 0x1f, 0xbe, 0x9c, 0xca, 0x98, 0xbe,
  0x6a, 0xa6, 0x8e, 0xbe, 0x3a, 0xf3, 0x29, 0xbd, 0x60, 0xac, 0x85, 0xbe,
  0xbf, 0x35, 0xfd, 0xbd, 0x62, 0xbf, 0x9e, 0xbd, 0x01, 0x30, 0x6c, 0x3a,
  0x7b, 0xcc, 0x88, 0xbe, 0xec, 0xb8, 0x04, 0xbe, 0x86, 0xb5, 0xfa, 0x3c,
  0xc8, 0x36, 0x28, 0x3e, 0x91, 0xc4, 0xe2, 0x3d, 0x00, 0xdc, 0x61, 0xbe,
  0x7d, 0x9f, 0xef, 0x3c, 0x01, 0x92, 0x54, 0xbe, 0xe9, 0x37, 0xfe, 0x3d,
  0xfa, 0x23, 0xe2, 0xbd, 0x79, 0xd0, 0x2e, 0x3d, 0x3c, 0x5c, 0x54, 0x3e,
  0xf5, 0x48, 0x96, 0xbe, 0xd4, 0x06, 0x84, 0xbe, 0x16, 0x24, 0xb9, 0x3d,
  0x06, 0xc9, 0x7e, 0x3e, 0x36, 0x1f, 0x2f, 0xbf, 0x37, 0xe4, 0x82, 0x3d,
  0x56, 0x95, 0x53, 0xbe, 0xaf, 0xc7, 0x20, 0xbc, 0x96, 0xb0, 0xfe, 0x3a,
  0x87, 0x3f, 0x2a, 0xbd, 0xa2, 0x23, 0x0e, 0x3e, 0x7d, 0xf6, 0x57, 0xbe,
  0xfe, 0x9c, 0x0f, 0x3f, 0xb7, 0x30, 0xe4, 0xbd, 0x8d, 0x9d, 0x70, 0xbd,
  0xab, 0xcc, 0x82, 0x3e, 0xbc, 0x6f, 0xde, 0xbe, 0xc2, 0x48, 0x41, 0x3d,
  0xd5, 0x5d, 0xbf, 0x3e, 0x23, 0xd8, 0x1f, 0x3e, 0x20, 0xad, 0xe0, 0x3d,
  0xaa, 0xcd, 0x60, 0x3e, 0x85, 0x73, 0x1d, 0xbe, 0x5d, 0xfb, 0x3c, 0x3e,
  0x33, 0xc7, 0x01, 0xbe, 0xd6, 0x83, 0x17, 0x3e, 0x45, 0xd8, 0x49, 0xbd,
  0x27, 0xe0, 0xd5, 0x3d, 0xc3, 0x10, 0xe7, 0x3d, 0xfa, 0x91, 0x24, 0xbe,
  0x44, 0xd7, 0x8b, 0xbe, 0x60, 0xf5, 0xbe, 0xbd, 0x84, 0xe9, 0x07, 0xbd,
  0x5c, 0x87, 0x2b, 0x3e, 0x6a, 0xa6, 0xf6, 0xbd, 0x9a, 0xbc, 0x11, 0x3e,
  0x67, 0x16, 0x9e, 0xbd, 0x2c, 0x96, 0x52, 0xbe, 0xb5, 0xa3, 0xb7, 0x3d,
  0x5e, 0xa6, 0x5f, 0x3e, 0x04, 0x7c, 0x78, 0x3e, 0xae, 0x01, 0x0d, 0xbe,
  0xce, 0x22, 0x7d, 0xbe, 0xcc, 0x7a, 0xbc, 0x3d, 0x34, 0xe2, 0x36, 0xbe,
  0x0b, 0x41, 0xe4, 0x3d, 0x7c, 0x52, 0xd6, 0xbc, 0x6e, 0xf0, 0x56, 0x3e,
  0x62, 0x6a, 0x02, 0xbe, 0x37, 0x17, 0x19, 0x3d, 0xfa, 0xf3, 0x68, 0x3e,
  0x7f, 0x61, 0x80, 0xbd, 0x34, 0xde, 0x5a, 0x3e, 0x83, 0xee, 0xde, 0xbd,
  0x12, 0x3f, 0x1a, 0xbd, 0xf6, 0xab, 0x14, 0xbb, 0xd1, 0x2e, 0x9f, 0x3e,
  0xae, 0x8b, 0x25, 0xbe, 0x54, 0xf4, 0x72, 0xbc, 0x0b, 0x5a, 0x19, 0xbd,
  0xa2, 0x3a, 0x1a, 0x3e, 0x8e, 0x1e, 0x78, 0xbe, 0x81, 0x6a, 0x37, 0xbe,
  0xbb, 0xaa, 0x1b, 0x3c, 0xba, 0xad, 0x74, 0xbd, 0x52, 0xcb, 0x15, 0x3d,
  0xe0, 0xdf, 0xaf, 0x3d, 0x68, 0x0e, 0x00, 0x3e, 0x88, 0x81, 0x0b, 0xbe,
  0x78, 0x79, 0x8e, 0x3e, 0x77, 0xd2, 0x26, 0x3e, 0x91, 0x03, 0xff, 0xbd,
  0xcb, 0x8f, 0xf3, 0x3c, 0x06, 0x04, 0xf8, 0x3d, 0x0e, 0xfe, 0x39, 0x3e,
  0x99, 0x21, 0x58, 0xb9, 0x64, 0xed, 0xd6, 0x3c, 0x87, 0x60, 0x85, 0xbe,
  0x6a, 0x9f, 0xf3, 0x3b, 0x46, 0x4c, 0xe5, 0xbd, 0x9b, 0xd7, 0x8a, 0xbe,
  0x34, 0xa5, 0x6b, 0x3d, 0x5c, 0xcd, 0xd7, 0xbd, 0xb5, 0xc1, 0x7e, 0x3e,
  0xa0, 0x84, 0x0a, 0x3e, 0x61, 0x76, 0x34, 0x3c, 0xf4, 0xe1, 0x2a, 0xbd,
  0xb6, 0xe3, 0x80, 0xbd, 0xf2, 0x57, 0x7d, 0x3d, 0xa4, 0x8f, 0x93, 0xbe,
  0x01, 0xdd, 0x47, 0x3c, 0xf7, 0x4c, 0xc3, 0x3d, 0x04, 0x22, 0xb5, 0xbd,
  0x05, 0xef, 0xcb, 0xbe, 0xe3, 0xd3, 0xa2, 0x3d, 0xe7, 0x41, 0x53, 0x3d,
  0xde, 0x7f, 0xba, 0xbe, 0x3a, 0xdc, 0x8f, 0xbd, 0xc0, 0x7c, 0x63, 0xbc,
  0x99, 0xf1, 0x5c, 0x3e, 0x1c, 0x7d, 0x55, 0x3d, 0x8c, 0x4f, 0x8c, 0x3e,
  0x6b, 0xe1, 0xf4, 0x3d, 0xd4, 0x33, 0x1b, 0x3d, 0x0f, 0xd5, 0xe6, 0x3d,
  0x1f, 0x7f, 0x37, 0xbe, 0x7b, 0x86, 0xb8, 0x3d, 0xbc, 0x25, 0x5e, 0x3d,
  0xe5, 0xf3, 0xc6, 0xbb, 0x0c, 0x1b, 0x0b, 0xbf, 0x82, 0xe8, 0x09, 0xbe,
  0xa6, 0xed, 0xc3, 0x3d, 0x80, 0xa2, 0xe3, 0xbd, 0xe7, 0xd3, 0x07, 0x3e,
  0x59, 0x66, 0x33, 0x3e, 0x73, 0x4f, 0xa0, 0x3c, 0xfe, 0xa7, 0x7d, 0x3e,
  0x9a, 0xdb, 0x53, 0xbd, 0xaf, 0x13, 0xec, 0x3d, 0xe1, 0x8b, 0x3c, 0x3e,
  0xf5, 0xe2, 0x80, 0xbd, 0x92, 0xa6, 0x13, 0x3e, 0x97, 0x3e, 0x02, 0x3e,
  0xa7, 0x59, 0xd2, 0xbd, 0x1c, 0x98, 0x71, 0x3e, 0x37, 0x19, 0x96, 0x3e,
  0x79, 0x33, 0xcc, 0xbd, 0xfe, 0x76, 0x74, 0x3c, 0xb2, 0x70, 0xcb, 0x3d,
  0x13, 0x4b, 0x8a, 0x3e, 0x7e, 0x65, 0xa3, 0x3e, 0xcb, 0xba, 0x2d, 0xbc,
  0x41, 0x4e, 0x26, 0x3d, 0xe4, 0x16, 0x57, 0x3d, 0x0b, 0x42, 0x1d, 0x3e,
  0x67, 0xbc, 0xda, 0x3d, 0x43, 0x20, 0xf7, 0xbc, 0xd8, 0x6a, 0x84, 0x3e,
  0xfb, 0x43, 0xf7, 0xbd, 0x8c, 0x04, 0x4d, 0x3d, 0x80, 0x61, 0x8a, 0x3e,
  0xb9, 0x01, 0xe5, 0x3c, 0x26, 0x9e, 0x01, 0xbe, 0x27, 0xbe, 0xe9, 0xbd,
  0x38, 0xeb, 0x9c, 0x3d, 0x19, 0xed, 0xaf, 0x3d, 0x8a, 0x4d, 0x1d, 0x3e,
  0xd9, 0xd0, 0xad, 0xbd, 0x69, 0xfa, 0x07, 0xbe, 0x2c, 0xb8, 0x73, 0xbe,
  0x2c, 0x7a, 0x7d, 0x3d, 0xb6, 0x3e, 0x71, 0x3e, 0x12, 0xa3, 0x8e, 0xbd,
  0xfc, 0x6c, 0x2e, 0x3e, 0x00, 0xcb, 0xcf, 0xbc, 0x59, 0x9e, 0x3e, 0x3d,
  0x32, 0x27, 0x4c, 0xbd, 0x45, 0xa7, 0x60, 0x3e, 0x87, 0x38, 0x95, 0xbe,
  0xaa, 0x7a, 0x2a, 0xbe, 0x66, 0x54, 0xe2, 0xbd, 0x61, 0x45, 0xf4, 0x3d,
  0x75, 0xa6, 0x89, 0x3c, 0xda, 0xd2, 0x82, 0xbd, 0x3b, 0xb4, 0x10, 0x3c,
  0x3b, 0x35, 0x00, 0xbd, 0xbf, 0x93, 0x59, 0x3c, 0x85, 0xf8, 0x0b, 0x3e,
  0x87, 0xa0, 0xf9, 0xbd, 0xd3, 0x36, 0xd7, 0x3d, 0xf1, 0x7a, 0xd9, 0xbd,
  0x7b, 0xdf, 0x3d, 0x3e, 0x67, 0x6f, 0x65, 0x3d, 0xbc, 0x13, 0x94, 0xbc,
  0x52, 0x65, 0x47, 0xbd, 0x52, 0x42, 0xe9, 0x3d, 0x99, 0x5c, 0x8f, 0x39,
  0xf6, 0xb9, 0x0f, 0xbe, 0x5a, 0x11, 0x0c, 0x3e, 0x82, 0x1b, 0x7f, 0xbe,
  0xba, 0x0c, 0xc5, 0xbd, 0x73, 0xb7, 0x44, 0xbe, 0x69, 0x45, 0x8e, 0x3e,
  0x0d, 0x36, 0x1e, 0xbd, 0x92, 0xee, 0x46, 0x3d, 0xb3, 0x06, 0x09, 0x3e,
  0xef, 0xd6, 0x75, 0xbe, 0x2f, 0xf6, 0x61, 0x3e, 0xe9, 0x02, 0xff, 0x3d,
  0xef, 0x35, 0x15, 0x3e, 0x8e, 0x1b, 0x00, 0x3e, 0x2c, 0x48, 0xd7, 0xbd,
  0x79, 0x3d, 0x69, 0x3c, 0x6d, 0x1a, 0x0c, 0x3e, 0x50, 0xfb, 0x63, 0x3c,
  0xca, 0x75, 0x9a, 0xbe, 0xb8, 0x12, 0x0c, 0x3e, 0x1f, 0x6b, 0x91, 0x3d,
  0xe6, 0x60, 0x92, 0x3e, 0x6f, 0x54, 0x11, 0xbe, 0xba, 0xcd, 0x40, 0x3e,
  0x53, 0x03, 0x3c, 0x3c, 0x63, 0xb0, 0xab, 0x3d, 0xa6, 0x33, 0xf1, 0x3d,
  0x64, 0x54, 0x92, 0xbd, 0xdb, 0xb3, 0x10, 0xbe, 0x5c, 0xf8, 0x34, 0x3e,
  0xa8, 0x78, 0x37, 0x3e, 0xbd, 0xca, 0x1b, 0xbe, 0x99, 0xd0, 0x25, 0xbe,
  0x5d, 0x1d, 0x2e, 0x3d, 0x56, 0xeb, 0x20, 0xbe, 0x45, 0x37, 0x3e, 0xbd,
  0xbe, 0x5c, 0x7f, 0x3e, 0x56, 0x38, 0x6c, 0x3e, 0x44, 0x76, 0x10, 0x3d,
  0x8a, 0x4b, 0x7f, 0x3d, 0x24, 0x89, 0xd5, 0xbd, 0x9f, 0xcb, 0x39, 0xbe,
  0x8a, 0xfe, 0x94, 0x3e, 0xb7, 0xb1, 0x22, 0xbd, 0xe2, 0x06, 0x59, 0x3d,
  0xff, 0xae, 0x71, 0xbe, 0x90, 0x3d, 0x39, 0xbe, 0xf7, 0xf2, 0x36, 0x3e,
  0xf8, 0xda, 0x2c, 0x3e, 0xbc, 0x64, 0x0f, 0xbe, 0xe5, 0x08, 0x6d, 0xbe,
  0xcf, 0x2b, 0xf3, 0x3c, 0xe4, 0xb5, 0x0a, 0x3e, 0x82, 0x46, 0xce, 0x3d,
  0xba, 0x4b, 0xa9, 0x3d, 0xea, 0x71, 0x35, 0x3e, 0xd4, 0xfb, 0x99, 0xbd,
  0xfb, 0x2e, 0xda, 0xbd, 0x1b, 0xd4, 0x1c, 0x3c, 0xff, 0x6a, 0x54, 0xbe,
  0x53, 0xa2, 0xa8, 0x3d, 0x7b, 0xd2, 0x81, 0xbe, 0xe2, 0xe8, 0x2b, 0x3e,
  0xe1, 0xf2, 0xc8, 0x3d, 0x20, 0xa2, 0x99, 0xbd, 0x19, 0xb6, 0x98, 0xbd,
  0x8d, 0xbf, 0xf1, 0x3d, 0xfc, 0x81, 0x0d, 0xbe, 0xf2, 0xc7, 0xf3, 0xbd,
  0x35, 0xc5, 0x87, 0x3d, 0x92, 0xbb, 0x50, 0xbd, 0x66, 0xf4, 0x6b, 0xbe,
  0x4d, 0xea, 0xdf, 0xbd, 0xcf, 0x76, 0x5e, 0xbe, 0x59, 0xf5, 0x49, 0x3d,
  0xb9, 0x83, 0xb1, 0xbc, 0x6b, 0xfe, 0x1e, 0x3e, 0x8c, 0x9c, 0x30, 0xbe,
  0xfc, 0x38, 0x8c, 0x3d, 0x4f, 0x34, 0x8f, 0xbe, 0x2d, 0xe6, 0x1f, 0xbd,
  0x85, 0xae, 0xaf, 0xbd, 0xce, 0xb9, 0x51, 0xbd, 0xdc, 0xb5, 0x05, 0xbe,
  0x92, 0x26, 0x34, 0x3e, 0x84, 0xbc, 0xa0, 0x3d, 0x92, 0xa3, 0xc1, 0x3d,
  0x88, 0xfc, 0x17, 0x3d, 0x1f, 0xdc, 0xd7, 0xbd, 0x59, 0x2c, 0x1a, 0x3e,
  0x74, 0x5e, 0x6e, 0xbe, 0x6a, 0xad, 0xe5, 0xbd, 0xd4, 0x06, 0x06, 0xbe,
  0x08, 0x29, 0xe4, 0xbd, 0x93, 0x2c, 0x7b, 0xbd, 0x3e, 0x25, 0x99, 0xbd,
  0x84, 0xfb, 0x76, 0x3c, 0x37, 0x02, 0x6e, 0x3e, 0x16, 0x21, 0x8c, 0x3e,
  0xc4, 0x07, 0x35, 0x3d, 0x0b, 0x4e, 0x2b, 0x3d, 0x81, 0x93, 0x65, 0xbd,
  0x51, 0x44, 0xce, 0xbb, 0xc5, 0x43, 0x09, 0x3e, 0xb7, 0x22, 0xf7, 0x3c,
  0xe6, 0xcb, 0x83, 0xbd, 0x96, 0xa6, 0x70, 0xbe, 0x21, 0xcb, 0x54, 0xbe,
  0xdd, 0x9e, 0x31, 0x3e, 0x52, 0xd5, 0x4d, 0xbd, 0x0b, 0x9b, 0x99, 0xbd,
  0xbb, 0xa3, 0x8c, 0xbd, 0x4a, 0x27, 0x0e, 0xbe, 0x79, 0x70, 0x7d, 0xbd,
  0xcb, 0xcc, 0x31, 0x3e, 0x20, 0x83, 0x4f, 0x3e, 0xf7, 0xf8, 0x10, 0x3d,
  0x53, 0x5e, 0xe1, 0x3c, 0xad, 0xc9, 0xc6, 0xbc, 0xbe, 0xbe, 0x1c, 0x3e,
  0x8f, 0x19, 0x54, 0x3e, 0x57, 0xdb, 0x37, 0x3e, 0xfd, 0x54, 0xb3, 0xbd,
  0xd6, 0xe0, 0x3e, 0xbe, 0xdd, 0x16, 0x0d, 0x3e, 0x41, 0xae, 0x37, 0x3d,
  0x8d, 0x24, 0x43, 0xbd, 0xe8, 0x70, 0x89, 0xbc, 0x09, 0x73, 0x18, 0xbd,
  0x55, 0x2c, 0xc8, 0x3d, 0x20, 0x21, 0x20, 0xbe, 0xc5, 0x86, 0x37, 0xbe,
  0x70, 0x8d, 0x7b, 0x3d, 0x11, 0x93, 0xae, 0x3d, 0xf8, 0x18, 0x45, 0x3d,
  0x32, 0x9c, 0x9e, 0x3d, 0xf5, 0x8d, 0x59, 0x3e, 0xb4, 0xf6, 0x8c, 0xbd,
  0x42, 0xc3, 0x49, 0x3e, 0x13, 0xd2, 0x20, 0x3e, 0x00, 0xc2, 0x01, 0x3e,
  0x90, 0x20, 0x58, 0x3e, 0x02, 0xb2, 0x5c, 0xbe, 0x29, 0xac, 0xa3, 0xbe,
  0x58, 0xfd, 0xce, 0x3d, 0xfe, 0xc5, 0x71, 0x3e, 0x64, 0xf9, 0xcf, 0x3d,
  0x69, 0x31, 0xb0, 0xbc, 0x8c, 0xb8, 0x83, 0x3c, 0x3f, 0x0f, 0x16, 0x3e,
  0x12, 0x08, 0x1f, 0xbe, 0x9f, 0x86, 0x25, 0xbe, 0x09, 0xa3, 0x34, 0x3d,
  0xc1, 0x92, 0xae, 0x3c, 0x2a, 0xe3, 0x9f, 0x3e, 0xa0, 0x68, 0xa6, 0x3e,
  0x9d, 0x51, 0xcd, 0xbd, 0x6c, 0xec, 0xbf, 0x3d, 0xf8, 0xf0, 0xa4, 0x3d,
  0x58, 0x72, 0xad, 0x3d, 0xe9, 0x13, 0xe8, 0x3d, 0xee, 0x7e, 0x31, 0x3e,
  0xda, 0x39, 0x92, 0x3d, 0xa0, 0x82, 0x7a, 0xbd, 0x2e, 0x3e, 0x9d, 0x3e,
  0x83, 0x02, 0x29, 0xbd, 0xe5, 0x15, 0x01, 0x3e, 0xb1, 0x3c, 0xf8, 0x3d,
  0x89, 0xf9, 0xf6, 0xbd, 0x87, 0x6c, 0x07, 0xbe, 0x27, 0xa3, 0xff, 0x3e,
  0x96, 0x7a, 0xd3, 0x3e, 0xae, 0x8e, 0x79, 0x3d, 0x97, 0xbb, 0x63, 0x3d,
  0xe4, 0x2d, 0x87, 0xbe, 0xc4, 0x29, 0x28, 0xbd, 0x32, 0x31, 0x17, 0x3e,
  0x75, 0x5b, 0xa6, 0x3e, 0x62, 0x1e, 0x2d, 0xbf, 0x1e, 0xb0, 0x53, 0xbe,
  0xec, 0x62, 0x1e, 0x3d, 0x87, 0x37, 0x5b, 0x3e, 0xaa, 0xfb, 0x2d, 0xbe,
  0xda, 0x6b, 0x79, 0xbe, 0x2d, 0x4d, 0x9d, 0xbd, 0x59, 0x11, 0x23, 0x3c,
  0x3a, 0xa6, 0x29, 0xbd, 0x95, 0x92, 0x0f, 0xbe, 0x2e, 0x4f, 0xfb, 0x3d,
  0xa4, 0xee, 0x1c, 0xbe, 0xa2, 0x4f, 0x8d, 0x3e, 0xd1, 0x8b, 0x8c, 0xbe,
  0xc8, 0xa2, 0x82, 0xbe, 0x47, 0xf1, 0xff, 0x3c, 0xc0, 0xa4, 0xc8, 0xbe,
  0x4e, 0x32, 0x86, 0x3e, 0xbe, 0x1f, 0xc1, 0x3d, 0x24, 0x33, 0x15, 0x3e,
  0x2a, 0xa3, 0x38, 0xbe, 0x0c, 0xd8, 0x7d, 0x3e, 0xfd, 0x62, 0xe3, 0xbe,
  0xc3, 0xfb, 0x44, 0xbe, 0x42, 0xd0, 0xda, 0x3d, 0x52, 0x79, 0x81, 0xbe,
  0xa9, 0xa7, 0x48, 0xbf, 0x68, 0xd5, 0x5d, 0xbe, 0x59, 0x2f, 0xbd, 0xbe,
  0x21, 0xf9, 0xa1, 0x3d, 0xad, 0xff, 0x0e, 0xbe, 0xc5, 0x3a, 0xd4, 0xbe,
  0xef, 0x66, 0xb7, 0xbe, 0x6b, 0xeb, 0x96, 0x3e, 0x65, 0xba, 0x5b, 0x3d,
  0x81, 0xf6, 0x59, 0x3c, 0x2f, 0xdc, 0x8a, 0xbe, 0xe9, 0x10, 0x0f, 0xbe,
  0xbc, 0x6e, 0xba, 0x3e, 0x49, 0xff, 0xc2, 0xbe, 0xb5, 0xd2, 0x18, 0x3e,
  0xce, 0x1a, 0x80, 0x3d, 0x8f, 0x2d, 0xc4, 0x3d, 0x55, 0xd7, 0x64, 0x3e,
  0x5e, 0x64, 0x3e, 0x3e, 0x94, 0x8d, 0x9a, 0xbd, 0x82, 0xc8, 0xef, 0xbe,
  0x64, 0x89, 0x0b, 0xbe, 0xf6, 0xc4, 0x1d, 0xbe, 0xa6, 0x55, 0x25, 0xbe,
  0x92, 0xf7, 0xb7, 0x3c, 0x21, 0x46, 0xc2, 0x3d, 0x59, 0x2f, 0x1c, 0xbe,
  0x83, 0xbb, 0x9f, 0xbd, 0xaa, 0x83, 0x1e, 0x3e, 0xd5, 0x55, 0xcd, 0xbd,
  0xdd, 0x33, 0x51, 0xbe, 0x18, 0x99, 0xef, 0xbd, 0x58, 0xb9, 0x4f, 0xbe,
  0xf8, 0x53, 0x0c, 0xbe, 0xa0, 0xb2, 0xa4, 0xbd, 0xc5, 0xe9, 0x04, 0xbe,
  0x3a, 0x92, 0x23, 0xbe, 0xc2, 0x2d, 0xd4, 0xbc, 0xd5, 0x2f, 0x13, 0xbe,
  0x64, 0xe6, 0xc6, 0x3b, 0x1f, 0x46, 0x35, 0x3d, 0x62, 0xf4, 0xed, 0x3c,
  0xe6, 0x7f, 0x82, 0xbd, 0xc5, 0xdf, 0x40, 0xbd, 0x92, 0x7b, 0x35, 0xbe,
  0x7e, 0x2c, 0xc4, 0x3c, 0xe0, 0x3c, 0xa3, 0x3c, 0x62, 0x14, 0x36, 0x3e,
  0x36, 0x7f, 0x31, 0xbe, 0xb7, 0xb0, 0x0b, 0xbd, 0xeb, 0xc2, 0x21, 0x3c,
  0x56, 0xfc, 0x13, 0x3e, 0x76, 0xf6, 0xeb, 0xbd, 0xb3, 0xab, 0xec, 0x3d,
  0x70, 0x65, 0x3a, 0xbe, 0xa2, 0xc4, 0x16, 0xbe, 0x6e, 0xc2, 0x09, 0x3e,
  0x22, 0x46, 0x55, 0xbd, 0x9e, 0xd3, 0x20, 0x3e, 0x7d, 0xee, 0x5a, 0xbe,
  0xe6, 0x2b, 0xd6, 0x3d, 0x63, 0xbb, 0x4f, 0xbe, 0xbf, 0x0b, 0xab, 0x3d,
  0xa2, 0x9e, 0xcb, 0x3d, 0x6a, 0xe4, 0xd9, 0x3d, 0x78, 0x47, 0xa3, 0x3d,
  0x35, 0xd8, 0x05, 0xbe, 0x48, 0xb9, 0x43, 0xbd, 0xc6, 0xf7, 0x0d, 0x3e,
  0x31, 0x85, 0xbf, 0xbd, 0xcf, 0xba, 0x2d, 0x3e, 0xba, 0xbd, 0x13, 0xbe,
  0x13, 0x87, 0x18, 0x3e, 0xd5, 0xcb, 0x6f, 0x39, 0xdd, 0x8a, 0x05, 0x3d,
  0x66, 0xe2, 0x3e, 0x3e, 0xab, 0x18, 0x9b, 0xbd, 0x3b, 0x19, 0xd9, 0x3c,
  0x4d, 0x92, 0x89, 0x3c, 0x5c, 0x17, 0xbc, 0xbd, 0x90, 0x00, 0x46, 0xbd,
  0x15, 0x38, 0xbc, 0x3d, 0xcc, 0x32, 0x1a, 0x3e, 0x32, 0x8a, 0x86, 0xbe,
  0x72, 0xb1, 0x19, 0x3e, 0x79, 0xbb, 0x1b, 0xbe, 0xac, 0x4f, 0x01, 0xbe,
  0xc0, 0x1d, 0x48, 0xbe, 0x9f, 0x4b, 0x38, 0xbd, 0xab, 0x36, 0xe0, 0x3c,
  0x78, 0x78, 0x9b, 0x3d, 0xe5, 0x28, 0xbf, 0x3d, 0x4b, 0x63, 0x0d, 0x3d,
  0x8e, 0x0d, 0xfd, 0x3d, 0xb0, 0x42, 0x5f, 0xbe, 0x74, 0xaa, 0x8c, 0x3e,
  0xf7, 0xf2, 0x75, 0x3d, 0x54, 0xe0, 0x6f, 0xbd, 0xe5, 0x90, 0xcb, 0x3c,
  0x2d, 0x58, 0x4a, 0xbe, 0xbc, 0xe7, 0x83, 0x3e, 0x5d, 0xc8, 0x4e, 0xbd,
  0x44, 0xee, 0x8a, 0x3d, 0x79, 0xb9, 0x08, 0xbe, 0xcd, 0xae, 0x2c, 0x3d,
  0x3a, 0xc7, 0xc3, 0x3d, 0xc6, 0x13, 0x34, 0x3e, 0x4d, 0xf3, 0x8b, 0xbd,
  0xaf, 0x58, 0x0a, 0x3e, 0x33, 0xbf, 0x1a, 0x3d, 0xdc, 0xe1, 0xde, 0xbc,
  0xb4, 0x2c, 0x9b, 0x3e, 0xd6, 0xb9, 0xa4, 0x3c, 0x73, 0x92, 0x18, 0x3e,
  0xa9, 0x25, 0x5b, 0x3e, 0x05, 0xb7, 0xdd, 0xbd, 0x2f, 0xe1, 0x4d, 0x3e,
  0x76, 0xe2, 0xbe, 0x3c, 0x2c, 0x76, 0x9e, 0x3e, 0xe0, 0xd9, 0x20, 0x3e,
  0xa0, 0xa2, 0xef, 0x3d, 0xa0, 0x1d, 0x84, 0x3e, 0x55, 0xe2, 0x33, 0x3e,
  0x42, 0x0f, 0x1f, 0x3d, 0xb9, 0xd7, 0x29, 0x3d, 0xa5, 0x5e, 0x0c, 0xbe,
  0x2e, 0x09, 0x4f, 0xbb, 0x22, 0x53, 0x7c, 0xbe, 0xcf, 0x0b, 0xee, 0x3d,
  0x8a, 0xe2, 0x0e, 0xbe, 0xdb, 0x07, 0xb9, 0x3d, 0x73, 0x31, 0x88, 0xbc,
  0xcf, 0x35, 0x8f, 0xbd, 0x8e, 0xaf, 0x9b, 0x3d, 0x0c, 0x52, 0x83, 0x3e,
  0x9f, 0x75, 0x65, 0x3e, 0xe7, 0x41, 0x55, 0x3c, 0x23, 0x0f, 0x06, 0x3e,
  0xc8, 0x21, 0x66, 0x3e, 0x09, 0x9d, 0x42, 0x3e, 0x81, 0x4d, 0x13, 0x3e,
  0x63, 0xe2, 0xc8, 0x3d, 0xbb, 0x20, 0xd8, 0x3c, 0xbb, 0x28, 0x56, 0x3e,
  0x57, 0x8e, 0x36, 0x3e, 0x6f, 0x28, 0xe4, 0x3d, 0x81, 0x8a, 0x31, 0xbd,
  0x97, 0x96, 0x6f, 0xbd, 0x29, 0x5c, 0x49, 0x3e, 0x96, 0x2d, 0xb5, 0xbe,
  0x69, 0xc5, 0xf5, 0x3a, 0x11, 0x47, 0x3a, 0xbe, 0x55, 0x7a, 0xe5, 0xbd,
  0x6d, 0x2a, 0x13, 0xbe, 0xbc, 0x54, 0x1f, 0x3e, 0x51, 0xc9, 0xa3, 0x3d,
  0xad, 0xcf, 0xe2, 0xbd, 0xb3, 0xe0, 0x1f, 0x3c, 0x74, 0x33, 0xae, 0x3d,
  0xe7, 0xd6, 0x46, 0xbe, 0x4d, 0xb4, 0x13, 0xbe, 0x9e, 0xe8, 0x86, 0xbe,
  0xff, 0x21, 0xaf, 0xbe, 0xdd, 0x57, 0xad, 0x3d, 0x30, 0x79, 0x0e, 0x3e,
  0xf3, 0x4b, 0xac, 0x3d, 0x73, 0x9e, 0x40, 0xbe, 0x4d, 0x4e, 0xc8, 0xbd,
  0xee, 0x71, 0xf2, 0xbd, 0xd9, 0x77, 0xea, 0xbd, 0x69, 0x2f, 0xd0, 0xbd,
  0xab, 0xfc, 0xbe, 0x3c, 0x00, 0x6f, 0xd3, 0x3d, 0x6e, 0x11, 0x4c, 0x3e,
  0x01, 0x9c, 0x6d, 0x3c, 0x5e, 0x3b, 0xfc, 0xbd, 0x30, 0x9e, 0x25, 0xbe,
  0xc4, 0xd2, 0x5d, 0x3e, 0x23, 0x3e, 0x07, 0x3e, 0x7c, 0x42, 0xcd, 0x3d,
  0x71, 0x6c, 0x3a, 0xbe, 0x24, 0x9a, 0xfe, 0x3c, 0xde, 0xaf, 0xb6, 0x3d,
  0x1a, 0xc8, 0xed, 0x3d, 0x8b, 0x4b, 0x85, 0x3d, 0x70, 0x36, 0x94, 0x3c,
  0x04, 0xb9, 0x0a, 0x3e, 0xd5, 0x50, 0xba, 0x3d, 0x66, 0x55, 0x8f, 0x3c,
  0xf1, 0x9f, 0x09, 0x3e, 0x51, 0x47, 0x81, 0xbd, 0x67, 0xc7, 0x66, 0xbe,
  0x7e, 0xeb, 0x36, 0xbc, 0x82, 0x12, 0x5a, 0x3e, 0xe0, 0xa4, 0x0e, 0xbe,
  0xfd, 0x6f, 0x98, 0x3e, 0x34, 0x74, 0x3e, 0xbe, 0x7d, 0x8a, 0x11, 0xbe,
  0x97, 0x42, 0xc8, 0xbd, 0xfd, 0x97, 0x58, 0x3e, 0x42, 0x3b, 0x90, 0xbd,
  0x1b, 0xe5, 0xba, 0x3d, 0x4c, 0x19, 0xce, 0xbd, 0x43, 0x28, 0xce, 0xbd,
  0xbe, 0x05, 0x56, 0x3d, 0x72, 0x17, 0x09, 0xbe, 0x3b, 0x9e, 0xa7, 0x3a,
  0x06, 0xc4, 0xd9, 0xbd, 0x7b, 0x67, 0x23, 0x3d, 0x46, 0x7a, 0x60, 0x3d,
  0x28, 0xe3, 0xf2, 0x3a, 0xc0, 0xd5, 0x61, 0x3e, 0xa2, 0x20, 0x9d, 0x3d,
  0xe4, 0xc6, 0x9c, 0xbe, 0x5c, 0xf6, 0x52, 0xbb, 0xdb, 0xaf, 0x1c, 0x3e,
  0xb0, 0xbb, 0xf9, 0xbc, 0x45, 0xf2, 0x10, 0xbe, 0x1b, 0xab, 0x3a, 0x3c,
  0x76, 0x3d, 0x05, 0xbd, 0xaa, 0x6e, 0x05, 0xbe, 0x2a, 0xd0, 0xc3, 0xbd,
  0xed, 0x67, 0xc3, 0xbd, 0xd7, 0x73, 0x6f, 0xbe, 0x4e, 0x5a, 0x6c, 0xbe,
  0xf9, 0x37, 0x17, 0x3e, 0x5d, 0x1c, 0x3e, 0x3e, 0x9f, 0x8f, 0x1a, 0xbe,
  0x95, 0xab, 0x40, 0x3e, 0xbd, 0x3a, 0xda, 0x3d, 0x44, 0xcf, 0x54, 0x3e,
  0x58, 0x3f, 0x93, 0xbd, 0x06, 0xb9, 0x6b, 0x3d, 0xf3, 0x33, 0x28, 0xbd,
  0x38, 0xd0, 0x68, 0x3e, 0x19, 0x74, 0x9d, 0xbc, 0x85, 0xf1, 0x2c, 0x3e,
  0xbf, 0xf4, 0xae, 0x3e, 0xa0, 0xcb, 0xb1, 0xbe, 0xe3, 0xe3, 0x70, 0x3d,
  0x8a, 0x86, 0x81, 0xbe, 0x8d, 0x21, 0xa4, 0xbd, 0xae, 0x56, 0xb7, 0x3c,
  0x1a, 0x42, 0x02, 0x3e, 0xaa, 0x6f, 0xdc, 0x3d, 0x68, 0xa3, 0x8c, 0xbe,
  0x1f, 0x3a, 0x1c, 0x3d, 0x9d, 0xf6, 0x03, 0x3e, 0xf7, 0xda, 0xb2, 0xbd,
  0xff, 0x48, 0x3b, 0xbe, 0xc2, 0xa3, 0x38, 0xbd, 0x22, 0x8a, 0x23, 0x3e,
  0xa3, 0x8e, 0x6a, 0xbe, 0x82, 0xa2, 0x2e, 0x3c, 0x11, 0x73, 0x3e, 0xbe,
  0x9b, 0x5a, 0xa2, 0xbe, 0x44, 0xaa, 0x4a, 0x3e, 0x1c, 0xbd, 0xbf, 0xbd,
  0xcc, 0x1d, 0x1b, 0x3e, 0xfa, 0x2d, 0x25, 0xbd, 0x1c, 0x35, 0x47, 0x3d,
  0x54, 0x2c, 0x48, 0xba, 0xf6, 0x7e, 0x45, 0xbe, 0xf9, 0x0a, 0xae, 0xbc,
  0x5d, 0xd2, 0x36, 0x3e, 0xc5, 0x93, 0x33, 0x3e, 0x4f, 0x90, 0x96, 0xbc,
  0x14, 0xa7, 0xfb, 0xbd, 0x6e, 0xa8, 0x80, 0x3e, 0x39, 0x3c, 0x29, 0xbe,
  0x44, 0xfe, 0xbf, 0x3d, 0xcf, 0xe9, 0x94, 0xbd, 0xe4, 0x66, 0xc2, 0x3d,
  0x56, 0x01, 0xeb, 0x3d, 0x65, 0x57, 0x03, 0xbe, 0x66, 0xf3, 0xa1, 0x3e,
  0x98, 0xe8, 0xdc, 0xbd, 0x20, 0xeb, 0xdc, 0xbd, 0xf2, 0xf1, 0x82, 0xbd,
  0x34, 0xbf, 0x05, 0x3e, 0xba, 0x22, 0x4f, 0x3d, 0xf7, 0x85, 0xd9, 0xbd,
  0x02, 0x64, 0xc2, 0xbd, 0x70, 0xe9, 0x21, 0xbe, 0x13, 0x26, 0x10, 0x3d,
  0x61, 0x9b, 0x96, 0xbe, 0x3c, 0x49, 0x24, 0x3e, 0x29, 0xc1, 0x2c, 0x3d,
  0x42, 0xf2, 0xf6, 0x3d, 0x71, 0xe3, 0xaf, 0x3d, 0xad, 0x20, 0xd5, 0xbd,
  0xdb, 0x13, 0x8f, 0x3e, 0xf9, 0x81, 0x7a, 0xbe, 0x11, 0x00, 0x95, 0xbc,
  0xb0, 0xc7, 0xa3, 0x3c, 0xf1, 0xf0, 0xbb, 0x3d, 0xa8, 0x99, 0x64, 0xbb,
  0x3f, 0x0f, 0xcf, 0xbe, 0x86, 0x83, 0x49, 0xbd, 0x5d, 0x56, 0x75, 0xbe,
  0x8a, 0x74, 0x7e, 0x3e, 0x70, 0x3d, 0xc9, 0xbd, 0x57, 0xad, 0x74, 0x3c,
  0xe8, 0x32, 0xe9, 0x3d, 0x17, 0x13, 0x9a, 0x3e, 0xf4, 0x32, 0x77, 0x3d,
  0x09, 0xb9, 0xb3, 0x3e, 0xe0, 0xf0, 0xa5, 0xbd, 0x6b, 0xd1, 0xab, 0xbe,
  0xe2, 0xfc, 0xff, 0xff, 0x04, 0x00, 0x00, 0x00, 0x0c, 0x00, 0x00, 0x00,
  0xff, 0xff, 0xff, 0xff, 0x17, 0x00, 0x00, 0x00, 0x10, 0x00, 0x00, 0x00,
  0xfa, 0xfc, 0xff, 0xff, 0x04, 0x00, 0x00, 0x00, 0x0c, 0x00, 0x00, 0x00,
  0xff, 0xff, 0xff, 0xff, 0x0b, 0x00, 0x00, 0x00, 0x10, 0x00, 0x00, 0x00,
  0x12, 0xfd, 0xff, 0xff, 0x04, 0x00, 0x00, 0x00, 0x0c, 0x00, 0x00, 0x00,
  0xff, 0xff, 0xff, 0xff, 0x09, 0x00, 0x00, 0x00, 0x20, 0x00, 0x00, 0x00,
  0x2a, 0xfd, 0xff, 0xff, 0x04, 0x00, 0x00, 0x00, 0x0c, 0x00, 0x00, 0x00,
  0xff, 0xff, 0xff, 0xff, 0x04, 0x00, 0x00, 0x00, 0x20, 0x00, 0x00, 0x00,
  0x42, 0xfd, 0xff, 0xff, 0x04, 0x00, 0x00, 0x00, 0x0c, 0x00, 0x00, 0x00,
  0xcc, 0x62, 0x4b, 0xbd, 0x3c, 0x8a, 0x2e, 0x3e, 0x23, 0x39, 0xd4, 0xbd,
  0x5a, 0xfd, 0xff, 0xff, 0x04, 0x00, 0x00, 0x00, 0x40, 0x00, 0x00, 0x00,
  0xb2, 0xeb, 0x82, 0xbe, 0xee, 0x18, 0x91, 0x3e, 0x53, 0x54, 0x99, 0x3e,
  0x09, 0x71, 0x88, 0xbd, 0x7b, 0x6f, 0xf4, 0x3c, 0x94, 0x29, 0x84, 0xbe,
  0x44, 0x56, 0x56, 0xbd, 0x42, 0x27, 0x7f, 0xbe, 0x1f, 0xc6, 0xa8, 0x3d,
  0xec, 0x7d, 0x85, 0xbe, 0xb5, 0x94, 0xc6, 0xbe, 0xd7, 0x58, 0xc7, 0xbe,
  0xd9, 0xd5, 0xd3, 0xbd, 0x86, 0xd4, 0xaf, 0x3e, 0x32, 0xa6, 0x0a, 0x3f,
  0x4e, 0x8f, 0xaa, 0xbe, 0xa6, 0xfd, 0xff, 0xff, 0x04, 0x00, 0x00, 0x00,
  0x80, 0x00, 0x00, 0x00, 0xb7, 0x69, 0x18, 0x3d, 0x18, 0x2f, 0x25, 0xbd,
  0x64, 0x0e, 0x8d, 0x3e, 0x1e, 0x3b, 0x49, 0xbd, 0x11, 0xed, 0x47, 0xbc,
  0x13, 0xfe, 0x90, 0x3e, 0xc7, 0x0b, 0x34, 0x3e, 0x0f, 0x49, 0x18, 0x3d,
  0x66, 0x25, 0x84, 0xbe, 0x04, 0xdf, 0x4b, 0x3e, 0x6e, 0x05, 0xd6, 0xbd,
  0x09, 0x17, 0x47, 0x3c, 0x0e, 0x44, 0x5c, 0xbe, 0x7b, 0x4c, 0xfa, 0xbe,
  0x5a, 0x5f, 0x92, 0xbe, 0x24, 0x18, 0xc1, 0x3d, 0x23, 0x5f, 0xdf, 0xbd,
  0x69, 0xd3, 0x82, 0x3e, 0x85, 0xf5, 0xde, 0xbd, 0x34, 0x5d, 0x5a, 0x3e,
  0x09, 0x5a, 0xe5, 0xbe, 0xc8, 0x00, 0x6a, 0xbc, 0x03, 0x42, 0x55, 0xbb,
  0xd1, 0x90, 0x0b, 0xba, 0xce, 0xb0, 0xbe, 0xbe, 0xc2, 0xc0, 0xa4, 0x3d,
  0x75, 0x8c, 0xa6, 0xbc, 0xd2, 0x4e, 0xab, 0xbc, 0x27, 0xaf, 0x10, 0x3d,
  0x1b, 0x16, 0xe3, 0x3d, 0xd9, 0x87, 0xb1, 0x3e, 0x00, 0x32, 0x96, 0x3d,
  0x32, 0xfe, 0xff, 0xff, 0x04, 0x00, 0x00, 0x00, 0x40, 0x00, 0x00, 0x00,
  0x5f, 0x44, 0x3e, 0x3d, 0xdb, 0x92, 0xc2, 0x3d, 0x00, 0xf1, 0x79, 0x3d,
  0x5e, 0x30, 0x29, 0x3e, 0x9b, 0x50, 0x0d, 0xbe, 0x9c, 0x37, 0x44, 0xbe,
  0xd8, 0x7d, 0x19, 0x3e, 0xc4, 0x86, 0x29, 0x3d, 0xa6, 0x9d, 0x41, 0x3e,
  0x0c, 0x9b, 0x31, 0x3d, 0xe7, 0xe4, 0x4a, 0x3e, 0x28, 0xb9, 0x44, 0x3e,
  0x34, 0x66, 0xd2, 0x3d, 0x9b, 0x5a, 0xea, 0x3d, 0x7c, 0xbb, 0xa9, 0x3d,
  0xeb, 0xc9, 0x1b, 0x3d, 0x28, 0xec, 0xff, 0xff, 0x2c, 0xec, 0xff, 0xff,
  0x0f, 0x00, 0x00, 0x00, 0x4d, 0x4c, 0x49, 0x52, 0x20, 0x43, 0x6f, 0x6e,
  0x76, 0x65, 0x72, 0x74, 0x65, 0x64, 0x2e, 0x00, 0x01, 0x00, 0x00, 0x00,
  0x14, 0x00, 0x00, 0x00, 0x00, 0x00, 0x0e, 0x00, 0x18, 0x00, 0x14, 0x00,
  0x10, 0x00, 0x0c, 0x00, 0x08, 0x00, 0x04, 0x00, 0x0e, 0x00, 0x00, 0x00,
  0x14, 0x00, 0x00, 0x00, 0x1c, 0x00, 0x00, 0x00, 0x88, 0x04, 0x00, 0x00,
  0x8c, 0x04, 0x00, 0x00, 0x90, 0x04, 0x00, 0x00, 0x04, 0x00, 0x00, 0x00,
  0x6d, 0x61, 0x69, 0x6e, 0x00, 0x00, 0x00, 0x00, 0x13, 0x00, 0x00, 0x00,
  0x40, 0x04, 0x00, 0x00, 0xdc, 0x03, 0x00, 0x00, 0xa4, 0x03, 0x00, 0x00,
  0x68, 0x03, 0x00, 0x00, 0x14, 0x03, 0x00, 0x00, 0xdc, 0x02, 0x00, 0x00,
  0xac, 0x02, 0x00, 0x00, 0x64, 0x02, 0x00, 0x00, 0x3c, 0x02, 0x00, 0x00,
  0x0c, 0x02, 0x00, 0x00, 0xc8, 0x01, 0x00, 0x00, 0xa0, 0x01, 0x00, 0x00,
  0x64, 0x01, 0x00, 0x00, 0x14, 0x01, 0x00, 0x00, 0xd4, 0x00, 0x00, 0x00,
  0xac, 0x00, 0x00, 0x00, 0x70, 0x00, 0x00, 0x00, 0x38, 0x00, 0x00, 0x00,
  0x04, 0x00, 0x00, 0x00, 0x7a, 0xfc, 0xff, 0xff, 0x14, 0x00, 0x00, 0x00,
  0x00, 0x00, 0x00, 0x09, 0x14, 0x00, 0x00, 0x00, 0x18, 0x00, 0x00, 0x00,
  0x08, 0x00, 0x00, 0x00, 0x3e, 0xff, 0xff, 0xff, 0x00, 0x00, 0x80, 0x3f,
  0x01, 0x00, 0x00, 0x00, 0x24, 0x00, 0x00, 0x00, 0x01, 0x00, 0x00, 0x00,
  0x23, 0x00, 0x00, 0x00, 0xaa, 0xfc, 0xff, 0xff, 0x14, 0x00, 0x00, 0x00,
  0x00, 0x00, 0x00, 0x08, 0x10, 0x00, 0x00, 0x00, 0x14, 0x00, 0x00, 0x00,
  0x07, 0x00, 0x00, 0x00, 0x18, 0xed, 0xff, 0xff, 0x01, 0x00, 0x00, 0x00,
  0x23, 0x00, 0x00, 0x00, 0x03, 0x00, 0x00, 0x00, 0x22, 0x00, 0x00, 0x00,
  0x0b, 0x00, 0x00, 0x00, 0x04, 0x00, 0x00, 0x00, 0xde, 0xfc, 0xff, 0xff,
  0x14, 0x00, 0x00, 0x00, 0x00, 0x00, 0x00, 0x08, 0x14, 0x00, 0x00, 0x00,
  0x18, 0x00, 0x00, 0x00, 0x07, 0x00, 0x00, 0x00, 0x1a, 0xff, 0xff, 0xff,
  0x00, 0x00, 0x00, 0x01, 0x01, 0x00, 0x00, 0x00, 0x22, 0x00, 0x00, 0x00,
  0x03, 0x00, 0x00, 0x00, 0x21, 0x00, 0x00, 0x00, 0x0c, 0x00, 0x00, 0x00,
  0x01, 0x00, 0x00, 0x00, 0x46, 0xfd, 0xff, 0xff, 0x0c, 0x00, 0x00, 0x00,
  0x10, 0x00, 0x00, 0x00, 0x02, 0x00, 0x00, 0x00, 0x01, 0x00, 0x00, 0x00,
  0x21, 0x00, 0x00, 0x00, 0x02, 0x00, 0x00, 0x00, 0x1c, 0x00, 0x00, 0x00,
  0x20, 0x00, 0x00, 0x00, 0xf6, 0xfd, 0xff, 0xff, 0x1c, 0x00, 0x00, 0x00,
  0x00, 0x00, 0x00, 0x3b, 0x1c, 0x00, 0x00, 0x00, 0x20, 0x00, 0x00, 0x00,
  0x06, 0x00, 0x00, 0x00, 0x00, 0x00, 0x06, 0x00, 0x08, 0x00, 0x04, 0x00,
  0x06, 0x00, 0x00, 0x00, 0x02, 0x00, 0x00, 0x00, 0x01, 0x00, 0x00, 0x00,
  0x20, 0x00, 0x00, 0x00, 0x02, 0x00, 0x00, 0x00, 0x1f, 0x00, 0x00, 0x00,
  0x10, 0x00, 0x00, 0x00, 0x32, 0xfe, 0xff, 0xff, 0x24, 0x00, 0x00, 0x00,
  0x00, 0x00, 0x00, 0x20, 0x24, 0x00, 0x00, 0x00, 0x28, 0x00, 0x00, 0x00,
  0x05, 0x00, 0x00, 0x00, 0x00, 0x00, 0x0e, 0x00, 0x08, 0x00, 0x00, 0x00,
  0x00, 0x00, 0x00, 0x00, 0x00, 0x00, 0x04, 0x00, 0x0e, 0x00, 0x00, 0x00,
  0x01, 0x00, 0x00, 0x00, 0x01, 0x00, 0x00, 0x00, 0x1f, 0x00, 0x00, 0x00,
  0x04, 0x00, 0x00, 0x00, 0x1e, 0x00, 0x00, 0x00, 0x0f, 0x00, 0x00, 0x00,
  0x0e, 0x00, 0x00, 0x00, 0x0e, 0x00, 0x00, 0x00, 0x7e, 0xfe, 0xff, 0xff,
  0x1c, 0x00, 0x00, 0x00, 0x00, 0x00, 0x00, 0x37, 0x1c, 0x00, 0x00, 0x00,
  0x20, 0x00, 0x00, 0x00, 0x04, 0x00, 0x00, 0x00, 0x00, 0x00, 0x06, 0x00,
  0x08, 0x00, 0x07, 0x00, 0x06, 0x00, 0x00, 0x00, 0x00, 0x00, 0x00, 0x02,
  0x01, 0x00, 0x00, 0x00, 0x1e, 0x00, 0x00, 0x00, 0x01, 0x00, 0x00, 0x00,
  0x1d, 0x00, 0x00, 0x00, 0x2a, 0xfe, 0xff, 0xff, 0x0c, 0x00, 0x00, 0x00,
  0x10, 0x00, 0x00, 0x00, 0x02, 0x00, 0x00, 0x00, 0x01, 0x00, 0x00, 0x00,
  0x1d, 0x00, 0x00, 0x00, 0x02, 0x00, 0x00, 0x00, 0x1c, 0x00, 0x00, 0x00,
  0x05, 0x00, 0x00, 0x00, 0x1e, 0xfe, 0xff, 0xff, 0x14, 0x00, 0x00, 0x00,
  0x00, 0x00, 0x00, 0x05, 0x24, 0x00, 0x00, 0x00, 0x28, 0x00, 0x00, 0x00,
  0x03, 0x00, 0x00, 0x00, 0xca, 0xfe, 0xff, 0xff, 0x01, 0x00, 0x00, 0x00,
  0x02, 0x00, 0x00, 0x00, 0x01, 0x00, 0x00, 0x00, 0x02, 0x00, 0x00, 0x00,
  0x00, 0x00, 0x00, 0x01, 0x01, 0x00, 0x00, 0x00, 0x1c, 0x00, 0x00, 0x00,
  0x01, 0x00, 0x00, 0x00, 0x1b, 0x00, 0x00, 0x00, 0xfe, 0xfd, 0xff, 0xff,
  0x10, 0x00, 0x00, 0x00, 0x00, 0x00, 0x00, 0x34, 0x0c, 0x00, 0x00, 0x00,
  0x10, 0x00, 0x00, 0x00, 0xc8, 0xee, 0xff, 0xff, 0x01, 0x00, 0x00, 0x00,
  0x1b, 0x00, 0x00, 0x00, 0x02, 0x00, 0x00, 0x00, 0x1a, 0x00, 0x00, 0x00,
  0x0d, 0x00, 0x00, 0x00, 0xba, 0xfe, 0xff, 0xff, 0x0c, 0x00, 0x00, 0x00,
  0x10, 0x00, 0x00, 0x00, 0x02, 0x00, 0x00, 0x00, 0x01, 0x00, 0x00, 0x00,
  0x1a, 0x00, 0x00, 0x00, 0x02, 0x00, 0x00, 0x00, 0x19, 0x00, 0x00, 0x00,
  0x06, 0x00, 0x00, 0x00, 0xae, 0xfe, 0xff, 0xff, 0x14, 0x00, 0x00, 0x00,
  0x00, 0x00, 0x00, 0x01, 0x20, 0x00, 0x00, 0x00, 0x24, 0x00, 0x00, 0x00,
  0x01, 0x00, 0x00, 0x00, 0xa0, 0xfe, 0xff, 0xff, 0x00, 0x00, 0x00, 0x01,
  0x01, 0x00, 0x00, 0x00, 0x01, 0x00, 0x00, 0x00, 0x00, 0x00, 0x00, 0x01,
  0x01, 0x00, 0x00, 0x00, 0x19, 0x00, 0x00, 0x00, 0x03, 0x00, 0x00, 0x00,
  0x18, 0x00, 0x00, 0x00, 0x09, 0x00, 0x00, 0x00, 0x02, 0x00, 0x00, 0x00,
  0x92, 0xfe, 0xff, 0xff, 0x10, 0x00, 0x00, 0x00, 0x00, 0x00, 0x00, 0x34,
  0x0c, 0x00, 0x00, 0x00, 0x10, 0x00, 0x00, 0x00, 0x5c, 0xef, 0xff, 0xff,
  0x01, 0x00, 0x00, 0x00, 0x18, 0x00, 0x00, 0x00, 0x02, 0x00, 0x00, 0x00,
  0x17, 0x00, 0x00, 0x00, 0x11, 0x00, 0x00, 0x00, 0x4e, 0xff, 0xff, 0xff,
  0x0c, 0x00, 0x00, 0x00, 0x10, 0x00, 0x00, 0x00, 0x02, 0x00, 0x00, 0x00,
  0x01, 0x00, 0x00, 0x00, 0x17, 0x00, 0x00, 0x00, 0x02, 0x00, 0x00, 0x00,
  0x16, 0x00, 0x00, 0x00, 0x07, 0x00, 0x00, 0x00, 0x00, 0x00, 0x0e, 0x00,
  0x1a, 0x00, 0x14, 0x00, 0x10, 0x00, 0x0c, 0x00, 0x0b, 0x00, 0x04, 0x00,
  0x0e, 0x00, 0x00, 0x00, 0x24, 0x00, 0x00, 0x00, 0x00, 0x00, 0x00, 0x05,
  0x34, 0x00, 0x00, 0x00, 0x38, 0x00, 0x00, 0x00, 0x03, 0x00, 0x00, 0x00,
  0x00, 0x00, 0x0e, 0x00, 0x18, 0x00, 0x17, 0x00, 0x10, 0x00, 0x0c, 0x00,
  0x08, 0x00, 0x04, 0x00, 0x0e, 0x00, 0x00, 0x00, 0x01, 0x00, 0x00, 0x00,
  0x02, 0x00, 0x00, 0x00, 0x01, 0x00, 0x00, 0x00, 0x02, 0x00, 0x00, 0x00,
  0x00, 0x00, 0x00, 0x01, 0x01, 0x00, 0x00, 0x00, 0x16, 0x00, 0x00, 0x00,
  0x01, 0x00, 0x00, 0x00, 0x15, 0x00, 0x00, 0x00, 0x42, 0xff, 0xff, 0xff,
  0x10, 0x00, 0x00, 0x00, 0x00, 0x00, 0x00, 0x34, 0x0c, 0x00, 0x00, 0x00,
  0x10, 0x00, 0x00, 0x00, 0x0c, 0xf0, 0xff, 0xff, 0x01, 0x00, 0x00, 0x00,
  0x15, 0x00, 0x00, 0x00, 0x02, 0x00, 0x00, 0x00, 0x14, 0x00, 0x00, 0x00,
  0x0d, 0x00, 0x00, 0x00, 0x00, 0x00, 0x0a, 0x00, 0x10, 0x00, 0x0c, 0x00,
  0x08, 0x00, 0x04, 0x00, 0x0a, 0x00, 0x00, 0x00, 0x0c, 0x00, 0x00, 0x00,
  0x10, 0x00, 0x00, 0x00, 0x02, 0x00, 0x00, 0x00, 0x01, 0x00, 0x00, 0x00,
  0x14, 0x00, 0x00, 0x00, 0x02, 0x00, 0x00, 0x00, 0x13, 0x00, 0x00, 0x00,
  0x08, 0x00, 0x00, 0x00, 0x00, 0x00, 0x0e, 0x00, 0x18, 0x00, 0x14, 0x00,
  0x10, 0x00, 0x0c, 0x00, 0x0b, 0x00, 0x04, 0x00, 0x0e, 0x00, 0x00, 0x00,
  0x20, 0x00, 0x00, 0x00, 0x00, 0x00, 0x00, 0x01, 0x2c, 0x00, 0x00, 0x00,
  0x30, 0x00, 0x00, 0x00, 0x01, 0x00, 0x00, 0x00, 0x0c, 0x00, 0x14, 0x00,
  0x13, 0x00, 0x0c, 0x00, 0x08, 0x00, 0x07, 0x00, 0x0c, 0x00, 0x00, 0x00,
  0x00, 0x00, 0x00, 0x01, 0x01, 0x00, 0x00, 0x00, 0x01, 0x00, 0x00, 0x00,
  0x00, 0x00, 0x00, 0x01, 0x01, 0x00, 0x00, 0x00, 0x13, 0x00, 0x00, 0x00,
  0x03, 0x00, 0x00, 0x00, 0x12, 0x00, 0x00, 0x00, 0x0a, 0x00, 0x00, 0x00,
  0x03, 0x00, 0x00, 0x00, 0x00, 0x00, 0x0e, 0x00, 0x14, 0x00, 0x00, 0x00,
  0x10, 0x00, 0x0c, 0x00, 0x0b, 0x00, 0x04, 0x00, 0x0e, 0x00, 0x00, 0x00,
  0x10, 0x00, 0x00, 0x00, 0x00, 0x00, 0x00, 0x34, 0x0c, 0x00, 0x00, 0x00,
  0x10, 0x00, 0x00, 0x00, 0xd8, 0xf0, 0xff, 0xff, 0x01, 0x00, 0x00, 0x00,
  0x12, 0x00, 0x00, 0x00, 0x02, 0x00, 0x00, 0x00, 0x00, 0x00, 0x00, 0x00,
  0x11, 0x00, 0x00, 0x00, 0x01, 0x00, 0x00, 0x00, 0x24, 0x00, 0x00, 0x00,
  0x01, 0x00, 0x00, 0x00, 0x00, 0x00, 0x00, 0x00, 0x25, 0x00, 0x00, 0x00,
  0xd0, 0x0e, 0x00, 0x00, 0x7c, 0x0e, 0x00, 0x00, 0x28, 0x0e, 0x00, 0x00,
  0xec, 0x0d, 0x00, 0x00, 0xb0, 0x0d, 0x00, 0x00, 0x70, 0x0d, 0x00, 0x00,
  0x18, 0x0d, 0x00, 0x00, 0xd8, 0x0c, 0x00, 0x00, 0x98, 0x0c, 0x00, 0x00,
  0x50, 0x0c, 0x00, 0x00, 0x08, 0x0c, 0x00, 0x00, 0xc4, 0x0b, 0x00, 0x00,
  0x80, 0x0b, 0x00, 0x00, 0x40, 0x0b, 0x00, 0x00, 0xfc, 0x0a, 0x00, 0x00,
  0xb8, 0x0a, 0x00, 0x00, 0x78, 0x0a, 0x00, 0x00, 0x38, 0x0a, 0x00, 0x00,
  0xb4, 0x09, 0x00, 0x00, 0xcc, 0x08, 0x00, 0x00, 0x14, 0x08, 0x00, 0x00,
  0x8c, 0x07, 0x00, 0x00, 0x10, 0x07, 0x00, 0x00, 0x94, 0x06, 0x00, 0x00,
  0x10, 0x06, 0x00, 0x00, 0x28, 0x05, 0x00, 0x00, 0x70, 0x04, 0x00, 0x00,
  0xe8, 0x03, 0x00, 0x00, 0x6c, 0x03, 0x00, 0x00, 0xf0, 0x02, 0x00, 0x00,
  0x9c, 0x02, 0x00, 0x00, 0x44, 0x02, 0x00, 0x00, 0xe8, 0x01, 0x00, 0x00,
  0x84, 0x01, 0x00, 0x00, 0xe4, 0x00, 0x00, 0x00, 0x60, 0x00, 0x00, 0x00,
  0x04, 0x00, 0x00, 0x00, 0xda, 0xf1, 0xff, 0xff, 0x00, 0x00, 0x00, 0x01,
  0x14, 0x00, 0x00, 0x00, 0x1c, 0x00, 0x00, 0x00, 0x1c, 0x00, 0x00, 0x00,
  0x25, 0x00, 0x00, 0x00, 0x34, 0x00, 0x00, 0x00, 0x02, 0x00, 0x00, 0x00,
  0xff, 0xff, 0xff, 0xff, 0x03, 0x00, 0x00, 0x00, 0xc0, 0xf1, 0xff, 0xff,
  0x1b, 0x00, 0x00, 0x00, 0x53, 0x74, 0x61, 0x74, 0x65, 0x66, 0x75, 0x6c,
  0x50, 0x61, 0x72, 0x74, 0x69, 0x74, 0x69, 0x6f, 0x6e, 0x65, 0x64, 0x43,
  0x61, 0x6c, 0x6c, 0x5f, 0x31, 0x3a, 0x30, 0x00, 0x02, 0x00, 0x00, 0x00,
  0x01, 0x00, 0x00, 0x00, 0x03, 0x00, 0x00, 0x00, 0x32, 0xf2, 0xff, 0xff,
  0x00, 0x00, 0x00, 0x01, 0x14, 0x00, 0x00, 0x00, 0x1c, 0x00, 0x00, 0x00,
  0x1c, 0x00, 0x00, 0x00, 0x24, 0x00, 0x00, 0x00, 0x5c, 0x00, 0x00, 0x00,
  0x02, 0x00, 0x00, 0x00, 0xff, 0xff, 0xff, 0xff, 0x03, 0x00, 0x00, 0x00,
  0x18, 0xf2, 0xff, 0xff, 0x40, 0x00, 0x00, 0x00, 0x73, 0x65, 0x71, 0x75,
  0x65, 0x6e, 0x74, 0x69, 0x61, 0x6c, 0x5f, 0x31, 0x5f, 0x31, 0x2f, 0x64,
  0x65, 0x6e, 0x73, 0x65, 0x5f, 0x33, 0x5f, 0x31, 0x2f, 0x4d, 0x61, 0x74,
  0x4d, 0x75, 0x6c, 0x3b, 0x73, 0x65, 0x71, 0x75, 0x65, 0x6e, 0x74, 0x69,
  0x61, 0x6c, 0x5f, 0x31, 0x5f, 0x31, 0x2f, 0x64, 0x65, 0x6e, 0x73, 0x65,
  0x5f, 0x33, 0x5f, 0x31, 0x2f, 0x42, 0x69, 0x61, 0x73, 0x41, 0x64, 0x64,
  0x00, 0x00, 0x00, 0x00, 0x02, 0x00, 0x00, 0x00, 0x01, 0x00, 0x00, 0x00,
  0x03, 0x00, 0x00, 0x00, 0xb2, 0xf2, 0xff, 0xff, 0x00, 0x00, 0x00, 0x01,
  0x14, 0x00, 0x00, 0x00, 0x1c, 0x00, 0x00, 0x00, 0x1c, 0x00, 0x00, 0x00,
  0x23, 0x00, 0x00, 0x00, 0x78, 0x00, 0x00, 0x00, 0x02, 0x00, 0x00, 0x00,
  0xff, 0xff, 0xff, 0xff, 0x10, 0x00, 0x00, 0x00, 0x98, 0xf2, 0xff, 0xff,
  0x5e, 0x00, 0x00, 0x00, 0x73, 0x65, 0x71, 0x75, 0x65, 0x6e, 0x74, 0x69,
  0x61, 0x6c, 0x5f, 0x31, 0x5f, 0x31, 0x2f, 0x64, 0x65, 0x6e, 0x73, 0x65,
  0x5f, 0x32, 0x5f, 0x31, 0x2f, 0x4d, 0x61, 0x74, 0x4d, 0x75, 0x6c, 0x3b,
  0x73, 0x65, 0x71, 0x75, 0x65, 0x6e, 0x74, 0x69, 0x61, 0x6c, 0x5f, 0x31,
  0x5f, 0x31, 0x2f, 0x64, 0x65, 0x6e, 0x73, 0x65, 0x5f, 0x32, 0x5f, 0x31,
  0x2f, 0x52, 0x65, 0x6c, 0x75, 0x3b, 0x73, 0x65, 0x71, 0x75, 0x65, 0x6e,
  0x74, 0x69, 0x61, 0x6c, 0x5f, 0x31, 0x5f, 0x31, 0x2f, 0x64, 0x65, 0x6e,
  0x73, 0x65, 0x5f, 0x32, 0x5f, 0x31, 0x2f, 0x42, 0x69, 0x61, 0x73, 0x41,
  0x64, 0x64, 0x00, 0x00, 0x02, 0x00, 0x00, 0x00, 0x01, 0x00, 0x00, 0x00,
  0x10, 0x00, 0x00, 0x00, 0x4e, 0xf3, 0xff, 0xff, 0x00, 0x00, 0x00, 0x01,
  0x14, 0x00, 0x00, 0x00, 0x1c, 0x00, 0x00, 0x00, 0x1c, 0x00, 0x00, 0x00,
  0x22, 0x00, 0x00, 0x00, 0x3c, 0x00, 0x00, 0x00, 0x02, 0x00, 0x00, 0x00,
  0xff, 0xff, 0xff, 0xff, 0x80, 0x00, 0x00, 0x00, 0x34, 0xf3, 0xff, 0xff,
  0x22, 0x00, 0x00, 0x00, 0x73, 0x65, 0x71, 0x75, 0x65, 0x6e, 0x74, 0x69,
  0x61, 0x6c, 0x5f, 0x31, 0x5f, 0x31, 0x2f, 0x66, 0x6c, 0x61, 0x74, 0x74,
  0x65, 0x6e, 0x5f, 0x31, 0x5f, 0x31, 0x2f, 0x52, 0x65, 0x73, 0x68, 0x61,
  0x70, 0x65, 0x00, 0x00, 0x02, 0x00, 0x00, 0x00, 0x01, 0x00, 0x00, 0x00,
  0x80, 0x00, 0x00, 0x00, 0xfa, 0xf4, 0xff, 0xff, 0x00, 0x00, 0x00, 0x01,
  0x14, 0x00, 0x00, 0x00, 0x14, 0x00, 0x00, 0x00, 0x21, 0x00, 0x00, 0x00,
  0x00, 0x00, 0x00, 0x02, 0x38, 0x00, 0x00, 0x00, 0x88, 0xf3, 0xff, 0xff,
  0x28, 0x00, 0x00, 0x00, 0x73, 0x65, 0x71, 0x75, 0x65, 0x6e, 0x74, 0x69,
  0x61, 0x6c, 0x5f, 0x31, 0x5f, 0x31, 0x2f, 0x66, 0x6c, 0x61, 0x74, 0x74,
  0x65, 0x6e, 0x5f, 0x31, 0x5f, 0x31, 0x2f, 0x52, 0x65, 0x73, 0x68, 0x61,
  0x70, 0x65, 0x2f, 0x73, 0x68, 0x61, 0x70, 0x65, 0x00, 0x00, 0x00, 0x00,
  0x01, 0x00, 0x00, 0x00, 0x02, 0x00, 0x00, 0x00, 0x52, 0xf5, 0xff, 0xff,
  0x00, 0x00, 0x00, 0x01, 0x14, 0x00, 0x00, 0x00, 0x14, 0x00, 0x00, 0x00,
  0x20, 0x00, 0x00, 0x00, 0x00, 0x00, 0x00, 0x02, 0x38, 0x00, 0x00, 0x00,
  0xe0, 0xf3, 0xff, 0xff, 0x28, 0x00, 0x00, 0x00, 0x73, 0x65, 0x71, 0x75,
  0x65, 0x6e, 0x74, 0x69, 0x61, 0x6c, 0x5f, 0x31, 0x5f, 0x31, 0x2f, 0x66,
  0x6c, 0x61, 0x74, 0x74, 0x65, 0x6e, 0x5f, 0x31, 0x5f, 0x31, 0x2f, 0x73,
  0x74, 0x72, 0x69, 0x64, 0x65, 0x64, 0x5f, 0x73, 0x6c, 0x69, 0x63, 0x65,
  0x00, 0x00, 0x00, 0x00, 0x00, 0x00, 0x00, 0x00, 0xa6, 0xf5, 0xff, 0xff,
  0x00, 0x00, 0x00, 0x01, 0x14, 0x00, 0x00, 0x00, 0x14, 0x00, 0x00, 0x00,
  0x1f, 0x00, 0x00, 0x00, 0x00, 0x00, 0x00, 0x02, 0x30, 0x00, 0x00, 0x00,
  0x34, 0xf4, 0xff, 0xff, 0x20, 0x00, 0x00, 0x00, 0x73, 0x65, 0x71, 0x75,
  0x65, 0x6e, 0x74, 0x69, 0x61, 0x6c, 0x5f, 0x31, 0x5f, 0x31, 0x2f, 0x66,
  0x6c, 0x61, 0x74, 0x74, 0x65, 0x6e, 0x5f, 0x31, 0x5f, 0x31, 0x2f, 0x53,
  0x68, 0x61, 0x70, 0x65, 0x00, 0x00, 0x00, 0x00, 0x01, 0x00, 0x00, 0x00,
  0x03, 0x00, 0x00, 0x00, 0xaa, 0xf4, 0xff, 0xff, 0x00, 0x00, 0x00, 0x01,
  0x14, 0x00, 0x00, 0x00, 0x20, 0x00, 0x00, 0x00, 0x20, 0x00, 0x00, 0x00,
  0x1e, 0x00, 0x00, 0x00, 0x50, 0x00, 0x00, 0x00, 0x03, 0x00, 0x00, 0x00,
  0xff, 0xff, 0xff, 0xff, 0x04, 0x00, 0x00, 0x00, 0x20, 0x00, 0x00, 0x00,
  0x94, 0xf4, 0xff, 0xff, 0x32, 0x00, 0x00, 0x00, 0x73, 0x65, 0x71, 0x75,
  0x65, 0x6e, 0x74, 0x69, 0x61, 0x6c, 0x5f, 0x31, 0x5f, 0x31, 0x2f, 0x6d,
  0x61, 0x78, 0x5f, 0x70, 0x6f, 0x6f, 0x6c, 0x69, 0x6e, 0x67, 0x31, 0x64,
  0x5f, 0x33, 0x5f, 0x31, 0x2f, 0x4d, 0x61, 0x78, 0x50, 0x6f, 0x6f, 0x6c,
  0x31, 0x64, 0x2f, 0x53, 0x71, 0x75, 0x65, 0x65, 0x7a, 0x65, 0x00, 0x00,
  0x03, 0x00, 0x00, 0x00, 0x01, 0x00, 0x00, 0x00, 0x04, 0x00, 0x00, 0x00,
  0x20, 0x00, 0x00, 0x00, 0x22, 0xf5, 0xff, 0xff, 0x00, 0x00, 0x00, 0x01,
  0x14, 0x00, 0x00, 0x00, 0x24, 0x00, 0x00, 0x00, 0x24, 0x00, 0x00, 0x00,
  0x1d, 0x00, 0x00, 0x00, 0x4c, 0x00, 0x00, 0x00, 0x04, 0x00, 0x00, 0x00,
  0xff, 0xff, 0xff, 0xff, 0x01, 0x00, 0x00, 0x00, 0x04, 0x00, 0x00, 0x00,
  0x20, 0x00, 0x00, 0x00, 0x10, 0xf5, 0xff, 0xff, 0x2a, 0x00, 0x00, 0x00,
  0x73, 0x65, 0x71, 0x75, 0x65, 0x6e, 0x74, 0x69, 0x61, 0x6c, 0x5f, 0x31,
  0x5f, 0x31, 0x2f, 0x6d, 0x61, 0x78, 0x5f, 0x70, 0x6f, 0x6f, 0x6c, 0x69,
  0x6e, 0x67, 0x31, 0x64, 0x5f, 0x33, 0x5f, 0x31, 0x2f, 0x4d, 0x61, 0x78,
  0x50, 0x6f, 0x6f, 0x6c, 0x31, 0x64, 0x00, 0x00, 0x04, 0x00, 0x00, 0x00,
  0x01, 0x00, 0x00, 0x00, 0x01, 0x00, 0x00, 0x00, 0x04, 0x00, 0x00, 0x00,
  0x20, 0x00, 0x00, 0x00, 0x9a, 0xf5, 0xff, 0xff, 0x00, 0x00, 0x00, 0x01,
  0x14, 0x00, 0x00, 0x00, 0x24, 0x00, 0x00, 0x00, 0x24, 0x00, 0x00, 0x00,
  0x1c, 0x00, 0x00, 0x00, 0x58, 0x00, 0x00, 0x00, 0x04, 0x00, 0x00, 0x00,
  0xff, 0xff, 0xff, 0xff, 0x01, 0x00, 0x00, 0x00, 0x09, 0x00, 0x00, 0x00,
  0x20, 0x00, 0x00, 0x00, 0x88, 0xf5, 0xff, 0xff, 0x35, 0x00, 0x00, 0x00,
  0x73, 0x65, 0x71, 0x75, 0x65, 0x6e, 0x74, 0x69, 0x61, 0x6c, 0x5f, 0x31,
  0x5f, 0x31, 0x2f, 0x6d, 0x61, 0x78, 0x5f, 0x70, 0x6f, 0x6f, 0x6c, 0x69,
  0x6e, 0x67, 0x31, 0x64, 0x5f, 0x33, 0x5f, 0x31, 0x2f, 0x4d, 0x61, 0x78,
  0x50, 0x6f, 0x6f, 0x6c, 0x31, 0x64, 0x2f, 0x45, 0x78, 0x70, 0x61, 0x6e,
  0x64, 0x44, 0x69, 0x6d, 0x73, 0x00, 0x00, 0x00, 0x04, 0x00, 0x00, 0x00,
  0x01, 0x00, 0x00, 0x00, 0x01, 0x00, 0x00, 0x00, 0x09, 0x00, 0x00, 0x00,
  0x20, 0x00, 0x00, 0x00, 0x1e, 0xf6, 0xff, 0xff, 0x00, 0x00, 0x00, 0x01,
  0x14, 0x00, 0x00, 0x00, 0x20, 0x00, 0x00, 0x00, 0x20, 0x00, 0x00, 0x00,
  0x1b, 0x00, 0x00, 0x00, 0x8c, 0x00, 0x00, 0x00, 0x03, 0x00, 0x00, 0x00,
  0xff, 0xff, 0xff, 0xff, 0x09, 0x00, 0x00, 0x00, 0x20, 0x00, 0x00, 0x00,
  0x08, 0xf6, 0xff, 0xff, 0x6f, 0x00, 0x00, 0x00, 0x73, 0x65, 0x71, 0x75,
  0x65, 0x6e, 0x74, 0x69, 0x61, 0x6c, 0x5f, 0x31, 0x5f, 0x31, 0x2f, 0x63,
  0x6f, 0x6e, 0x76, 0x31, 0x64, 0x5f, 0x33, 0x5f, 0x31, 0x2f, 0x52, 0x65,
  0x6c, 0x75, 0x3b, 0x73, 0x65, 0x71, 0x75, 0x65, 0x6e, 0x74, 0x69, 0x61,
  0x6c, 0x5f, 0x31, 0x5f, 0x31, 0x2f, 0x63, 0x6f, 0x6e, 0x76, 0x31, 0x64,
  0x5f, 0x33, 0x5f, 0x31, 0x2f, 0x42, 0x69, 0x61, 0x73, 0x41, 0x64, 0x64,
  0x3b, 0x73, 0x65, 0x71, 0x75, 0x65, 0x6e, 0x74, 0x69, 0x61, 0x6c, 0x5f,
  0x31, 0x5f, 0x31, 0x2f, 0x63, 0x6f, 0x6e, 0x76, 0x31, 0x64, 0x5f, 0x33,
  0x5f, 0x31, 0x2f, 0x63, 0x6f, 0x6e, 0x76, 0x6f, 0x6c, 0x75, 0x74, 0x69,
  0x6f, 0x6e, 0x2f, 0x53, 0x71, 0x75, 0x65, 0x65, 0x7a, 0x65, 0x3b, 0x00,
  0x03, 0x00, 0x00, 0x00, 0x01, 0x00, 0x00, 0x00, 0x09, 0x00, 0x00, 0x00,
  0x20, 0x00, 0x00, 0x00, 0xd2, 0xf6, 0xff, 0xff, 0x00, 0x00, 0x00, 0x01,
  0x14, 0x00, 0x00, 0x00, 0x24, 0x00, 0x00, 0x00, 0x24, 0x00, 0x00, 0x00,
  0x1a, 0x00, 0x00, 0x00, 0xb8, 0x00, 0x00, 0x00, 0x04, 0x00, 0x00, 0x00,
  0xff, 0xff, 0xff, 0xff, 0x01, 0x00, 0x00, 0x00, 0x09, 0x00, 0x00, 0x00,
  0x20, 0x00, 0x00, 0x00, 0xc0, 0xf6, 0xff, 0xff, 0x95, 0x00, 0x00, 0x00,
  0x73, 0x65, 0x71, 0x75, 0x65, 0x6e, 0x74, 0x69, 0x61, 0x6c, 0x5f, 0x31,
  0x5f, 0x31, 0x2f, 0x63, 0x6f, 0x6e, 0x76, 0x31, 0x64, 0x5f, 0x33, 0x5f,
  0x31, 0x2f, 0x52, 0x65, 0x6c, 0x75, 0x3b, 0x73, 0x65, 0x71, 0x75, 0x65,
  0x6e, 0x74, 0x69, 0x61, 0x6c, 0x5f, 0x31, 0x5f, 0x31, 0x2f, 0x63, 0x6f,
  0x6e, 0x76, 0x31, 0x64, 0x5f, 0x33, 0x5f, 0x31, 0x2f, 0x42, 0x69, 0x61,
  0x73, 0x41, 0x64, 0x64, 0x3b, 0x73, 0x65, 0x71, 0x75, 0x65, 0x6e, 0x74,
  0x69, 0x61, 0x6c, 0x5f, 0x31, 0x5f, 0x31, 0x2f, 0x63, 0x6f, 0x6e, 0x76,
  0x31, 0x64, 0x5f, 0x33, 0x5f, 0x31, 0x2f, 0x63, 0x6f, 0x6e, 0x76, 0x6f,
  0x6c, 0x75, 0x74, 0x69, 0x6f, 0x6e, 0x2f, 0x53, 0x71, 0x75, 0x65, 0x65,
  0x7a, 0x65, 0x3b, 0x3b, 0x73, 0x65, 0x71, 0x75, 0x65, 0x6e, 0x74, 0x69,
  0x61, 0x6c, 0x5f, 0x31, 0x5f, 0x31, 0x2f, 0x63, 0x6f, 0x6e, 0x76, 0x31,
  0x64, 0x5f, 0x33, 0x5f, 0x31, 0x2f, 0x63, 0x6f, 0x6e, 0x76, 0x6f, 0x6c,
  0x75, 0x74, 0x69, 0x6f, 0x6e, 0x00, 0x00, 0x00, 0x04, 0x00, 0x00, 0x00,
  0x01, 0x00, 0x00, 0x00, 0x01, 0x00, 0x00, 0x00, 0x09, 0x00, 0x00, 0x00,
  0x20, 0x00, 0x00, 0x00, 0xb6, 0xf7, 0xff, 0xff, 0x00, 0x00, 0x00, 0x01,
  0x14, 0x00, 0x00, 0x00, 0x24, 0x00, 0x00, 0x00, 0x24, 0x00, 0x00, 0x00,
  0x19, 0x00, 0x00, 0x00, 0x54, 0x00, 0x00, 0x00, 0x04, 0x00, 0x00, 0x00,
  0xff, 0xff, 0xff, 0xff, 0x01, 0x00, 0x00, 0x00, 0x0b, 0x00, 0x00, 0x00,
  0x10, 0x00, 0x00, 0x00, 0xa4, 0xf7, 0xff, 0xff, 0x30, 0x00, 0x00, 0x00,
  0x73, 0x65, 0x71, 0x75, 0x65, 0x6e, 0x74, 0x69, 0x61, 0x6c, 0x5f, 0x31,
  0x5f, 0x31, 0x2f, 0x63, 0x6f, 0x6e, 0x76, 0x31, 0x64, 0x5f, 0x33, 0x5f,
  0x31, 0x2f, 0x63, 0x6f, 0x6e, 0x76, 0x6f, 0x6c, 0x75, 0x74, 0x69, 0x6f,
  0x6e, 0x2f, 0x45, 0x78, 0x70, 0x61, 0x6e, 0x64, 0x44, 0x69, 0x6d, 0x73,
  0x00, 0x00, 0x00, 0x00, 0x04, 0x00, 0x00, 0x00, 0x01, 0x00, 0x00, 0x00,
  0x01, 0x00, 0x00, 0x00, 0x0b, 0x00, 0x00, 0x00, 0x10, 0x00, 0x00, 0x00,
  0x36, 0xf8, 0xff, 0xff, 0x00, 0x00, 0x00, 0x01, 0x14, 0x00, 0x00, 0x00,
  0x20, 0x00, 0x00, 0x00, 0x20, 0x00, 0x00, 0x00, 0x18, 0x00, 0x00, 0x00,
  0x50, 0x00, 0x00, 0x00, 0x03, 0x00, 0x00, 0x00, 0xff, 0xff, 0xff, 0xff,
  0x0b, 0x00, 0x00, 0x00, 0x10, 0x00, 0x00, 0x00, 0x20, 0xf8, 0xff, 0xff,
  0x32, 0x00, 0x00, 0x00, 0x73, 0x65, 0x71, 0x75, 0x65, 0x6e, 0x74, 0x69,
  0x61, 0x6c, 0x5f, 0x31, 0x5f, 0x31, 0x2f, 0x6d, 0x61, 0x78, 0x5f, 0x70,
  0x6f, 0x6f, 0x6c, 0x69, 0x6e, 0x67, 0x31, 0x64, 0x5f, 0x32, 0x5f, 0x31,
  0x2f, 0x4d, 0x61, 0x78, 0x50, 0x6f, 0x6f, 0x6c, 0x31, 0x64, 0x2f, 0x53,
  0x71, 0x75, 0x65, 0x65, 0x7a, 0x65, 0x00, 0x00, 0x03, 0x00, 0x00, 0x00,
  0x01, 0x00, 0x00, 0x00, 0x0b, 0x00, 0x00, 0x00, 0x10, 0x00, 0x00, 0x00,
  0xae, 0xf8, 0xff, 0xff, 0x00, 0x00, 0x00, 0x01, 0x14, 0x00, 0x00, 0x00,
  0x24, 0x00, 0x00, 0x00, 0x24, 0x00, 0x00, 0x00, 0x17, 0x00, 0x00, 0x00,
  0x4c, 0x00, 0x00, 0x00, 0x04, 0x00, 0x00, 0x00, 0xff, 0xff, 0xff, 0xff,
  0x01, 0x00, 0x00, 0x00, 0x0b, 0x00, 0x00, 0x00, 0x10, 0x00, 0x00, 0x00,
  0x9c, 0xf8, 0xff, 0xff, 0x2a, 0x00, 0x00, 0x00, 0x73, 0x65, 0x71, 0x75,
  0x65, 0x6e, 0x74, 0x69, 0x61, 0x6c, 0x5f, 0x31, 0x5f, 0x31, 0x2f, 0x6d,
  0x61, 0x78, 0x5f, 0x70, 0x6f, 0x6f, 0x6c, 0x69, 0x6e, 0x67, 0x31, 0x64,
  0x5f, 0x32, 0x5f, 0x31, 0x2f, 0x4d, 0x61, 0x78, 0x50, 0x6f, 0x6f, 0x6c,
  0x31, 0x64, 0x00, 0x00, 0x04, 0x00, 0x00, 0x00, 0x01, 0x00, 0x00, 0x00,
  0x01, 0x00, 0x00, 0x00, 0x0b, 0x00, 0x00, 0x00, 0x10, 0x00, 0x00, 0x00,
  0x26, 0xf9, 0xff, 0xff, 0x00, 0x00, 0x00, 0x01, 0x14, 0x00, 0x00, 0x00,
  0x24, 0x00, 0x00, 0x00, 0x24, 0x00, 0x00, 0x00, 0x16, 0x00, 0x00, 0x00,
  0x58, 0x00, 0x00, 0x00, 0x04, 0x00, 0x00, 0x00, 0xff, 0xff, 0xff, 0xff,
  0x01, 0x00, 0x00, 0x00, 0x17, 0x00, 0x00, 0x00, 0x10, 0x00, 0x00, 0x00,
  0x14, 0xf9, 0xff, 0xff, 0x35, 0x00, 0x00, 0x00, 0x73, 0x65, 0x71, 0x75,
  0x65, 0x6e, 0x74, 0x69, 0x61, 0x6c, 0x5f, 0x31, 0x5f, 0x31, 0x2f, 0x6d,
  0x61, 0x78, 0x5f, 0x70, 0x6f, 0x6f, 0x6c, 0x69, 0x6e, 0x67, 0x31, 0x64,
  0x5f, 0x32, 0x5f, 0x31, 0x2f, 0x4d, 0x61, 0x78, 0x50, 0x6f, 0x6f, 0x6c,
  0x31, 0x64, 0x2f, 0x45, 0x78, 0x70, 0x61, 0x6e, 0x64, 0x44, 0x69, 0x6d,
  0x73, 0x00, 0x00, 0x00, 0x04, 0x00, 0x00, 0x00, 0x01, 0x00, 0x00, 0x00,
  0x01, 0x00, 0x00, 0x00, 0x17, 0x00, 0x00, 0x00, 0x10, 0x00, 0x00, 0x00,
  0xaa, 0xf9, 0xff, 0xff, 0x00, 0x00, 0x00, 0x01, 0x14, 0x00, 0x00, 0x00,
  0x20, 0x00, 0x00, 0x00, 0x20, 0x00, 0x00, 0x00, 0x15, 0x00, 0x00, 0x00,
  0x8c, 0x00, 0x00, 0x00, 0x03, 0x00, 0x00, 0x00, 0xff, 0xff, 0xff, 0xff,
  0x17, 0x00, 0x00, 0x00, 0x10, 0x00, 0x00, 0x00, 0x94, 0xf9, 0xff, 0xff,
  0x6f, 0x00, 0x00, 0x00, 0x73, 0x65, 0x71, 0x75, 0x65, 0x6e, 0x74, 0x69,
  0x61, 0x6c, 0x5f, 0x31, 0x5f, 0x31, 0x2f, 0x63, 0x6f, 0x6e, 0x76, 0x31,
  0x64, 0x5f, 0x32, 0x5f, 0x31, 0x2f, 0x52, 0x65, 0x6c, 0x75, 0x3b, 0x73,
  0x65, 0x71, 0x75, 0x65, 0x6e, 0x74, 0x69, 0x61, 0x6c, 0x5f, 0x31, 0x5f,
  0x31, 0x2f, 0x63, 0x6f, 0x6e, 0x76, 0x31, 0x64, 0x5f, 0x32, 0x5f, 0x31,
  0x2f, 0x42, 0x69, 0x61, 0x73, 0x41, 0x64, 0x64, 0x3b, 0x73, 0x65, 0x71,
  0x75, 0x65, 0x6e, 0x74, 0x69, 0x61, 0x6c, 0x5f, 0x31, 0x5f, 0x31, 0x2f,
  0x63, 0x6f, 0x6e, 0x76, 0x31, 0x64, 0x5f, 0x32, 0x5f, 0x31, 0x2f, 0x63,
  0x6f, 0x6e, 0x76, 0x6f, 0x6c, 0x75, 0x74, 0x69, 0x6f, 0x6e, 0x2f, 0x53,
  0x71, 0x75, 0x65, 0x65, 0x7a, 0x65, 0x3b, 0x00, 0x03, 0x00, 0x00, 0x00,
  0x01, 0x00, 0x00, 0x00, 0x17, 0x00, 0x00, 0x00, 0x10, 0x00, 0x00, 0x00,
  0x5e, 0xfa, 0xff, 0xff, 0x00, 0x00, 0x00, 0x01, 0x14, 0x00, 0x00, 0x00,
  0x24, 0x00, 0x00, 0x00, 0x24, 0x00, 0x00, 0x00, 0x14, 0x00, 0x00, 0x00,
  0xb8, 0x00, 0x00, 0x00, 0x04, 0x00, 0x00, 0x00, 0xff, 0xff, 0xff, 0xff,
  0x01, 0x00, 0x00, 0x00, 0x17, 0x00, 0x00, 0x00, 0x10, 0x00, 0x00, 0x00,
  0x4c, 0xfa, 0xff, 0xff, 0x95, 0x00, 0x00, 0x00, 0x73, 0x65, 0x71, 0x75,
  0x65, 0x6e, 0x74, 0x69, 0x61, 0x6c, 0x5f, 0x31, 0x5f, 0x31, 0x2f, 0x63,
  0x6f, 0x6e, 0x76, 0x31, 0x64, 0x5f, 0x32, 0x5f, 0x31, 0x2f, 0x52, 0x65,
  0x6c, 0x75, 0x3b, 0x73, 0x65, 0x71, 0x75, 0x65, 0x6e, 0x74, 0x69, 0x61,
  0x6c, 0x5f, 0x31, 0x5f, 0x31, 0x2f, 0x63, 0x6f, 0x6e, 0x76, 0x31, 0x64,
  0x5f, 0x32, 0x5f, 0x31, 0x2f, 0x42, 0x69, 0x61, 0x73, 0x41, 0x64, 0x64,
  0x3b, 0x73, 0x65, 0x71, 0x75, 0x65, 0x6e, 0x74, 0x69, 0x61, 0x6c, 0x5f,
  0x31, 0x5f, 0x31, 0x2f, 0x63, 0x6f, 0x6e, 0x76, 0x31, 0x64, 0x5f, 0x32,
  0x5f, 0x31, 0x2f, 0x63, 0x6f, 0x6e, 0x76, 0x6f, 0x6c, 0x75, 0x74, 0x69,
  0x6f, 0x6e, 0x2f, 0x53, 0x71, 0x75, 0x65, 0x65, 0x7a, 0x65, 0x3b, 0x3b,
  0x73, 0x65, 0x71, 0x75, 0x65, 0x6e, 0x74, 0x69, 0x61, 0x6c, 0x5f, 0x31,
  0x5f, 0x31, 0x2f, 0x63, 0x6f, 0x6e, 0x76, 0x31, 0x64, 0x5f, 0x32, 0x5f,
  0x31, 0x2f, 0x63, 0x6f, 0x6e, 0x76, 0x6f, 0x6c, 0x75, 0x74, 0x69, 0x6f,
  0x6e, 0x00, 0x00, 0x00, 0x04, 0x00, 0x00, 0x00, 0x01, 0x00, 0x00, 0x00,
  0x01, 0x00, 0x00, 0x00, 0x17, 0x00, 0x00, 0x00, 0x10, 0x00, 0x00, 0x00,
  0x42, 0xfb, 0xff, 0xff, 0x00, 0x00, 0x00, 0x01, 0x14, 0x00, 0x00, 0x00,
  0x24, 0x00, 0x00, 0x00, 0x24, 0x00, 0x00, 0x00, 0x13, 0x00, 0x00, 0x00,
  0x54, 0x00, 0x00, 0x00, 0x04, 0x00, 0x00, 0x00, 0xff, 0xff, 0xff, 0xff,
  0x01, 0x00, 0x00, 0x00, 0x19, 0x00, 0x00, 0x00, 0x03, 0x00, 0x00, 0x00,
  0x30, 0xfb, 0xff, 0xff, 0x30, 0x00, 0x00, 0x00, 0x73, 0x65, 0x71, 0x75,
  0x65, 0x6e, 0x74, 0x69, 0x61, 0x6c, 0x5f, 0x31, 0x5f, 0x31, 0x2f, 0x63,
  0x6f, 0x6e, 0x76, 0x31, 0x64, 0x5f, 0x32, 0x5f, 0x31, 0x2f, 0x63, 0x6f,
  0x6e, 0x76, 0x6f, 0x6c, 0x75, 0x74, 0x69, 0x6f, 0x6e, 0x2f, 0x45, 0x78,
  0x70, 0x61, 0x6e, 0x64, 0x44, 0x69, 0x6d, 0x73, 0x00, 0x00, 0x00, 0x00,
  0x04, 0x00, 0x00, 0x00, 0x01, 0x00, 0x00, 0x00, 0x01, 0x00, 0x00, 0x00,
  0x19, 0x00, 0x00, 0x00, 0x03, 0x00, 0x00, 0x00, 0x0e, 0xfd, 0xff, 0xff,
  0x00, 0x00, 0x00, 0x01, 0x14, 0x00, 0x00, 0x00, 0x14, 0x00, 0x00, 0x00,
  0x12, 0x00, 0x00, 0x00, 0x00, 0x00, 0x00, 0x02, 0x20, 0x00, 0x00, 0x00,
  0x9c, 0xfb, 0xff, 0xff, 0x10, 0x00, 0x00, 0x00, 0x61, 0x72, 0x69, 0x74,
  0x68, 0x2e, 0x63, 0x6f, 0x6e, 0x73, 0x74, 0x61, 0x6e, 0x74, 0x31, 0x36,
  0x00, 0x00, 0x00, 0x00, 0x00, 0x00, 0x00, 0x00, 0x4a, 0xfd, 0xff, 0xff,
  0x00, 0x00, 0x00, 0x01, 0x14, 0x00, 0x00, 0x00, 0x14, 0x00, 0x00, 0x00,
  0x11, 0x00, 0x00, 0x00, 0x00, 0x00, 0x00, 0x02, 0x20, 0x00, 0x00, 0x00,
  0xd8, 0xfb, 0xff, 0xff, 0x10, 0x00, 0x00, 0x00, 0x61, 0x72, 0x69, 0x74,
  0x68, 0x2e, 0x63, 0x6f, 0x6e, 0x73, 0x74, 0x61, 0x6e, 0x74, 0x31, 0x35,
  0x00, 0x00, 0x00, 0x00, 0x00, 0x00, 0x00, 0x00, 0x86, 0xfd, 0xff, 0xff,
  0x00, 0x00, 0x00, 0x01, 0x14, 0x00, 0x00, 0x00, 0x14, 0x00, 0x00, 0x00,
  0x10, 0x00, 0x00, 0x00, 0x00, 0x00, 0x00, 0x02, 0x20, 0x00, 0x00, 0x00,
  0x14, 0xfc, 0xff, 0xff, 0x10, 0x00, 0x00, 0x00, 0x61, 0x72, 0x69, 0x74,
  0x68, 0x2e, 0x63, 0x6f, 0x6e, 0x73, 0x74, 0x61, 0x6e, 0x74, 0x31, 0x34,
  0x00, 0x00, 0x00, 0x00, 0x01, 0x00, 0x00, 0x00, 0x01, 0x00, 0x00, 0x00,
  0xc6, 0xfd, 0xff, 0xff, 0x00, 0x00, 0x00, 0x01, 0x14, 0x00, 0x00, 0x00,
  0x14, 0x00, 0x00, 0x00, 0x0e, 0x00, 0x00, 0x00, 0x00, 0x00, 0x00, 0x02,
  0x20, 0x00, 0x00, 0x00, 0x54, 0xfc, 0xff, 0xff, 0x10, 0x00, 0x00, 0x00,
  0x61, 0x72, 0x69, 0x74, 0x68, 0x2e, 0x63, 0x6f, 0x6e, 0x73, 0x74, 0x61,
  0x6e, 0x74, 0x31, 0x33, 0x00, 0x00, 0x00, 0x00, 0x01, 0x00, 0x00, 0x00,
  0x01, 0x00, 0x00, 0x00, 0x06, 0xfe, 0xff, 0xff, 0x00, 0x00, 0x00, 0x01,
  0x14, 0x00, 0x00, 0x00, 0x14, 0x00, 0x00, 0x00, 0x0e, 0x00, 0x00, 0x00,
  0x00, 0x00, 0x00, 0x02, 0x20, 0x00, 0x00, 0x00, 0x94, 0xfc, 0xff, 0xff,
  0x10, 0x00, 0x00, 0x00, 0x61, 0x72, 0x69, 0x74, 0x68, 0x2e, 0x63, 0x6f,
  0x6e, 0x73, 0x74, 0x61, 0x6e, 0x74, 0x31, 0x32, 0x00, 0x00, 0x00, 0x00,
  0x00, 0x00, 0x00, 0x00, 0x46, 0xfd, 0xff, 0xff, 0x00, 0x00, 0x00, 0x01,
  0x10, 0x00, 0x00, 0x00, 0x10, 0x00, 0x00, 0x00, 0x0d, 0x00, 0x00, 0x00,
  0x20, 0x00, 0x00, 0x00, 0xcc, 0xfc, 0xff, 0xff, 0x10, 0x00, 0x00, 0x00,
  0x61, 0x72, 0x69, 0x74, 0x68, 0x2e, 0x63, 0x6f, 0x6e, 0x73, 0x74, 0x61,
  0x6e, 0x74, 0x31, 0x31, 0x00, 0x00, 0x00, 0x00, 0x02, 0x00, 0x00, 0x00,
  0x10, 0x00, 0x00, 0x00, 0x80, 0x00, 0x00, 0x00, 0x86, 0xfd, 0xff, 0xff,
  0x00, 0x00, 0x00, 0x01, 0x10, 0x00, 0x00, 0x00, 0x10, 0x00, 0x00, 0x00,
  0x0c, 0x00, 0x00, 0x00, 0x20, 0x00, 0x00, 0x00, 0x0c, 0xfd, 0xff, 0xff,
  0x10, 0x00, 0x00, 0x00, 0x61, 0x72, 0x69, 0x74, 0x68, 0x2e, 0x63, 0x6f,
  0x6e, 0x73, 0x74, 0x61, 0x6e, 0x74, 0x31, 0x30, 0x00, 0x00, 0x00, 0x00,
  0x02, 0x00, 0x00, 0x00, 0x03, 0x00, 0x00, 0x00, 0x10, 0x00, 0x00, 0x00,
  0xc6, 0xfd, 0xff, 0xff, 0x00, 0x00, 0x00, 0x01, 0x10, 0x00, 0x00, 0x00,
  0x10, 0x00, 0x00, 0x00, 0x0b, 0x00, 0x00, 0x00, 0x1c, 0x00, 0x00, 0x00,
  0x4c, 0xfd, 0xff, 0xff, 0x0f, 0x00, 0x00, 0x00, 0x61, 0x72, 0x69, 0x74,
  0x68, 0x2e, 0x63, 0x6f, 0x6e, 0x73, 0x74, 0x61, 0x6e, 0x74, 0x39, 0x00,
  0x04, 0x00, 0x00, 0x00, 0x10, 0x00, 0x00, 0x00, 0x01, 0x00, 0x00, 0x00,
  0x03, 0x00, 0x00, 0x00, 0x03, 0x00, 0x00, 0x00, 0x0a, 0xfe, 0xff, 0xff,
  0x00, 0x00, 0x00, 0x01, 0x10, 0x00, 0x00, 0x00, 0x10, 0x00, 0x00, 0x00,
  0x0a, 0x00, 0x00, 0x00, 0x1c, 0x00, 0x00, 0x00, 0x90, 0xfd, 0xff, 0xff,
  0x0f, 0x00, 0x00, 0x00, 0x61, 0x72, 0x69, 0x74, 0x68, 0x2e, 0x63, 0x6f,
  0x6e, 0x73, 0x74, 0x61, 0x6e, 0x74, 0x38, 0x00, 0x04, 0x00, 0x00, 0x00,
  0x20, 0x00, 0x00, 0x00, 0x01, 0x00, 0x00, 0x00, 0x03, 0x00, 0x00, 0x00,
  0x10, 0x00, 0x00, 0x00, 0x4a, 0xff, 0xff, 0xff, 0x00, 0x00, 0x00, 0x01,
  0x14, 0x00, 0x00, 0x00, 0x14, 0x00, 0x00, 0x00, 0x09, 0x00, 0x00, 0x00,
  0x00, 0x00, 0x00, 0x02, 0x1c, 0x00, 0x00, 0x00, 0xd8, 0xfd, 0xff, 0xff,
  0x0f, 0x00, 0x00, 0x00, 0x61, 0x72, 0x69, 0x74, 0x68, 0x2e, 0x63, 0x6f,
  0x6e, 0x73, 0x74, 0x61, 0x6e, 0x74, 0x37, 0x00, 0x01, 0x00, 0x00, 0x00,
  0x03, 0x00, 0x00, 0x00, 0x86, 0xff, 0xff, 0xff, 0x00, 0x00, 0x00, 0x01,
  0x14, 0x00, 0x00, 0x00, 0x14, 0x00, 0x00, 0x00, 0x08, 0x00, 0x00, 0x00,
  0x00, 0x00, 0x00, 0x02, 0x1c, 0x00, 0x00, 0x00, 0x14, 0xfe, 0xff, 0xff,
  0x0f, 0x00, 0x00, 0x00, 0x61, 0x72, 0x69, 0x74, 0x68, 0x2e, 0x63, 0x6f,
  0x6e, 0x73, 0x74, 0x61, 0x6e, 0x74, 0x36, 0x00, 0x01, 0x00, 0x00, 0x00,
  0x03, 0x00, 0x00, 0x00, 0xc2, 0xff, 0xff, 0xff, 0x00, 0x00, 0x00, 0x01,
  0x14, 0x00, 0x00, 0x00, 0x14, 0x00, 0x00, 0x00, 0x07, 0x00, 0x00, 0x00,
  0x00, 0x00, 0x00, 0x02, 0x1c, 0x00, 0x00, 0x00, 0x50, 0xfe, 0xff, 0xff,
  0x0f, 0x00, 0x00, 0x00, 0x61, 0x72, 0x69, 0x74, 0x68, 0x2e, 0x63, 0x6f,
  0x6e, 0x73, 0x74, 0x61, 0x6e, 0x74, 0x35, 0x00, 0x01, 0x00, 0x00, 0x00,
  0x03, 0x00, 0x00, 0x00, 0x00, 0x00, 0x16, 0x00, 0x1c, 0x00, 0x18, 0x00,
  0x17, 0x00, 0x10, 0x00, 0x0c, 0x00, 0x08, 0x00, 0x00, 0x00, 0x00, 0x00,
  0x00, 0x00, 0x07, 0x00, 0x16, 0x00, 0x00, 0x00, 0x00, 0x00, 0x00, 0x01,
  0x14, 0x00, 0x00, 0x00, 0x14, 0x00, 0x00, 0x00, 0x06, 0x00, 0x00, 0x00,
  0x00, 0x00, 0x00, 0x02, 0x1c, 0x00, 0x00, 0x00, 0xa4, 0xfe, 0xff, 0xff,
  0x0f, 0x00, 0x00, 0x00, 0x61, 0x72, 0x69, 0x74, 0x68, 0x2e, 0x63, 0x6f,
  0x6e, 0x73, 0x74, 0x61, 0x6e, 0x74, 0x34, 0x00, 0x01, 0x00, 0x00, 0x00,
  0x03, 0x00, 0x00, 0x00, 0x56, 0xff, 0xff, 0xff, 0x00, 0x00, 0x00, 0x01,
  0x10, 0x00, 0x00, 0x00, 0x10, 0x00, 0x00, 0x00, 0x05, 0x00, 0x00, 0x00,
  0x1c, 0x00, 0x00, 0x00, 0xdc, 0xfe, 0xff, 0xff, 0x0f, 0x00, 0x00, 0x00,
  0x61, 0x72, 0x69, 0x74, 0x68, 0x2e, 0x63, 0x6f, 0x6e, 0x73, 0x74, 0x61,
  0x6e, 0x74, 0x33, 0x00, 0x01, 0x00, 0x00, 0x00, 0x03, 0x00, 0x00, 0x00,
  0x8e, 0xff, 0xff, 0xff, 0x00, 0x00, 0x00, 0x01, 0x10, 0x00, 0x00, 0x00,
  0x10, 0x00, 0x00, 0x00, 0x04, 0x00, 0x00, 0x00, 0x1c, 0x00, 0x00, 0x00,
  0x14, 0xff, 0xff, 0xff, 0x0f, 0x00, 0x00, 0x00, 0x61, 0x72, 0x69, 0x74,
  0x68, 0x2e, 0x63, 0x6f, 0x6e, 0x73, 0x74, 0x61, 0x6e, 0x74, 0x32, 0x00,
  0x01, 0x00, 0x00, 0x00, 0x10, 0x00, 0x00, 0x00, 0xc6, 0xff, 0xff, 0xff,
  0x00, 0x00, 0x00, 0x01, 0x10, 0x00, 0x00, 0x00, 0x10, 0x00, 0x00, 0x00,
  0x03, 0x00, 0x00, 0x00, 0x1c, 0x00, 0x00, 0x00, 0x4c, 0xff, 0xff, 0xff,
  0x0f, 0x00, 0x00, 0x00, 0x61, 0x72, 0x69, 0x74, 0x68, 0x2e, 0x63, 0x6f,
  0x6e, 0x73, 0x74, 0x61, 0x6e, 0x74, 0x31, 0x00, 0x01, 0x00, 0x00, 0x00,
  0x20, 0x00, 0x00, 0x00, 0x00, 0x00, 0x16, 0x00, 0x18, 0x00, 0x14, 0x00,
  0x00, 0x00, 0x10, 0x00, 0x0c, 0x00, 0x08, 0x00, 0x00, 0x00, 0x00, 0x00,
  0x00, 0x00, 0x07, 0x00, 0x16, 0x00, 0x00, 0x00, 0x00, 0x00, 0x00, 0x01,
  0x10, 0x00, 0x00, 0x00, 0x10, 0x00, 0x00, 0x00, 0x02, 0x00, 0x00, 0x00,
  0x1c, 0x00, 0x00, 0x00, 0x9c, 0xff, 0xff, 0xff, 0x0e, 0x00, 0x00, 0x00,
  0x61, 0x72, 0x69, 0x74, 0x68, 0x2e, 0x63, 0x6f, 0x6e, 0x73, 0x74, 0x61,
  0x6e, 0x74, 0x00, 0x00, 0x01, 0x00, 0x00, 0x00, 0x10, 0x00, 0x00, 0x00,
  0x00, 0x00, 0x16, 0x00, 0x1c, 0x00, 0x18, 0x00, 0x00, 0x00, 0x14, 0x00,
  0x10, 0x00, 0x0c, 0x00, 0x00, 0x00, 0x00, 0x00, 0x08, 0x00, 0x07, 0x00,
  0x16, 0x00, 0x00, 0x00, 0x00, 0x00, 0x00, 0x01, 0x14, 0x00, 0x00, 0x00,
  0x24, 0x00, 0x00, 0x00, 0x24, 0x00, 0x00, 0x00, 0x01, 0x00, 0x00, 0x00,
  0x44, 0x00, 0x00, 0x00, 0x03, 0x00, 0x00, 0x00, 0xff, 0xff, 0xff, 0xff,
  0x19, 0x00, 0x00, 0x00, 0x03, 0x00, 0x00, 0x00, 0x04, 0x00, 0x04, 0x00,
  0x04, 0x00, 0x00, 0x00, 0x20, 0x00, 0x00, 0x00, 0x73, 0x65, 0x72, 0x76,
  0x69, 0x6e, 0x67, 0x5f, 0x64, 0x65, 0x66, 0x61, 0x75, 0x6c, 0x74, 0x5f,
  0x6b, 0x65, 0x72, 0x61, 0x73, 0x5f, 0x74, 0x65, 0x6e, 0x73, 0x6f, 0x72,
  0x5f, 0x39, 0x3a, 0x30, 0x00, 0x00, 0x00, 0x00, 0x03, 0x00, 0x00, 0x00,
  0x01, 0x00, 0x00, 0x00, 0x19, 0x00, 0x00, 0x00, 0x03, 0x00, 0x00, 0x00,
  0x09, 0x00, 0x00, 0x00, 0x90, 0x00, 0x00, 0x00, 0x74, 0x00, 0x00, 0x00,
  0x64, 0x00, 0x00, 0x00, 0x54, 0x00, 0x00, 0x00, 0x44, 0x00, 0x00, 0x00,
  0x34, 0x00, 0x00, 0x00, 0x24, 0x00, 0x00, 0x00, 0x14, 0x00, 0x00, 0x00,
  0x04, 0x00, 0x00, 0x00, 0xa0, 0xff, 0xff, 0xff, 0x19, 0x00, 0x00, 0x00,
  0x00, 0x00, 0x00, 0x19, 0xac, 0xff, 0xff, 0xff, 0x09, 0x00, 0x00, 0x00,
  0x00, 0x00, 0x00, 0x09, 0xb8, 0xff, 0xff, 0xff, 0x53, 0x00, 0x00, 0x00,
  0x00, 0x00, 0x00, 0x53, 0xc4, 0xff, 0xff, 0xff, 0x2d, 0x00, 0x00, 0x00,
  0x00, 0x00, 0x00, 0x2d, 0xd0, 0xff, 0xff, 0xff, 0x4d, 0x00, 0x00, 0x00,
  0x00, 0x00, 0x00, 0x4d, 0xdc, 0xff, 0xff, 0xff, 0x11, 0x00, 0x00, 0x00,
  0x00, 0x00, 0x00, 0x11, 0xe8, 0xff, 0xff, 0xff, 0x16, 0x00, 0x00, 0x00,
  0x00, 0x00, 0x00, 0x16, 0xf4, 0xff, 0xff, 0xff, 0x03, 0x00, 0x00, 0x00,
  0x00, 0x00, 0x00, 0x03, 0x0c, 0x00, 0x0c, 0x00, 0x0b, 0x00, 0x00, 0x00,
  0x00, 0x00, 0x04, 0x00, 0x0c, 0x00, 0x00, 0x00, 0x46, 0x00, 0x00, 0x00,
  0x00, 0x00, 0x00, 0x46,
};

const unsigned int uwb_lstm_model_len = 21580;

#endif // UWB_LSTM_MODEL_H
